"cuid","cuname.x","cu_acronym","du_number","du_acronym","DU_name","DU_name_short","FULL_CU_IN","spp","gen_length","COSEWIC_status","survey_quality","survey_coverage","survey_execution","catch_quality","dq_score","cu_enh_rank","Sites","Region"
205,"Ecstall",NA,"CK41","ECST","Ecstall, Ocean, Summer","Ecstall","CK-46","Chinook",6,"Status assessment recommended",0,0,0,0,0,"None",4,"Skeena"
206,"Kalum-early timing",NA,"CK43","KALUM-E","Kalum ? Early Timing, Stream, Spring","Kalum-Early","CK-49","Chinook",6,"Status assessment recommended",0,0,0,0,0,"Low",2,"Skeena"
207,"Kalum-late timing",NA,"CK44","KALUM-L","Kalum ? Late Timing, Stream, Summer","Kalum-Early","CK-50","Chinook",6,"Status assessment recommended",1,5,4,5,15,"High",7,"Skeena"
210,"Lower Skeena-CK",NA,"CK42","LSK","Lower Skeena, Stream, Summer","Lower Skeena-Stream-Summer","CK-48","Chinook",6,"Status assessment recommended",1,3,1,5,10,"Low",20,"Skeena"
212,"Upper Skeena-CK",NA,"CK48","USK","Upper Skeena River, Stream, Spring","Upper Skeena-Stream-Spring","CK-56","Chinook",6,NA,0,0,0,0,0,"None",6,"Skeena"
217,"Middle Skeena-mainstem tributaries",NA,"CK47","MSK-M/S","Middle Skeena-M/S Tributary, Stream, Summer","Middle Skeena-M/S-Tribs","CK-54","Chinook",6,"Status assessment recommended",1,4,2,5,12,"Low",28,"Skeena"
221,"Upper Bulkley River",NA,"CK45",NA,"Bulkley River, Stream, Spring","Bulkley-Stream-Spring","CK-55","Chinook",6,"Status assessment recommended",0,0,0,0,0,"High",4,"Skeena"
222,"Middle Skeena-large lakes",NA,"CK46","MSK-LKS","Middle Skeena ? Lakes, Stream, Summer","Middle Skeena-Lakes-Stream-Summer","CK-53","Chinook",6,NA,3,5,5,5,18,"High",17,"Skeena"
224,"Skeena Estuary-CK",NA,"CK40","SKEst","Skeena Estuary, Stream, Summer","Skeena Estuary-Stream-Summer","CK-45","Chinook",6,NA,0,0,0,0,0,"Moderate",4,"Skeena"
227,"Lakelse-CK",NA,"CK42","LSK","Lower Skeena, Stream, Summer","Lower Skeena-Stream-Summer","CK-51","Chinook",6,"Status assessment recommended",0,0,0,0,0,"Low",5,"Skeena"
229,"Zymoetz",NA,"CK42","LSK","Lower Skeena, Stream, Summer","Lower Skeena-Stream-Summer","CK-80","Chinook",6,"Status assessment recommended",0,0,0,0,0,"None",6,"Skeena"
241,"Sicintine",NA,"CK48",NA,"Upper Skeena River, Stream, Spring","Upper Skeena-Stream-Spring","CK-81","Chinook",6,NA,0,0,0,0,0,"None",1,"Skeena"
301,"Okanagan","OK","CK69","OK+ORWA/Ocean/Fall","Okanagan River, Ocean, Fall","Okanagan-Ocean-Fall","CK-1","Chinook",4,"Endangered",NA,NA,NA,NA,NA,"None",1,"Columbia"
302,"Boundary Bay_FA_0.3","BB","CK1","BB+GStr/Ocean/Fall","Southern Mainland Boundary Bay, Ocean, Fall population","Boundary Bay-Ocean-Fall ","CK-2","Chinook",5,"Threatened",0,0,0,0,0,"High",3,"Fraser"
303,"Lower Fraser River_FA_0.3","LFR-fall","CK2","LFR+GStr/Ocean/Fall","Lower Fraser, Ocean, Fall population (Harrison)","Lower Fraser-Ocean-Fall","CK-3","Chinook",4,"Threatened",4,5,5,0,14,"Moderate",1,"Fraser"
304,"Lower Fraser River_SP_1.3","LFR-spring","CK3","LFR+GStr/Stream/Spring","Lower Fraser, Stream, Spring population (Birkenhead)","Lower Fraser-Stream-Spring","CK-4","Chinook",5,"Special Concern",2,1,5,0,8,"Low",2,"Fraser"
305,"Lower Fraser River-Upper Pitt_SU_1.3","LFR-UPITT","CK4","LFR+GStr/Stream/Summer(Upper Pitt)","Lower Fraser, Stream, Summer (Upper Pitt) population","Lower Fraser-Stream-Summer (Pitt)","CK-5","Chinook",5,"Endangered",0,0,0,0,0,"Low",1,"Fraser"
306,"Lower Fraser River_SU_1.3","LFR-summer","CK5","LFR+GStr/Stream/Summer","Lower Fraser, Stream, Summer (Lillooet) population","Lower Fraser-Stream-Summer (Lillooet) ","CK-6","Chinook",5,"Threatened",0,0,0,0,0,"Low",9,"Fraser"
307,"Maria Slough_SU_0.3","Maria","CK6","LFR+GStr/Ocean/Summer","Lower Fraser, Ocean, Summer (Maria Slough) population","Lower Fraser-Ocean-Summer","CK-7","Chinook",4,"Endangered",0,0,0,0,0,"High",1,"Fraser"
308,"Middle Fraser-Fraser Canyon_SP_1.3","NAHAT","CK7","FRCanyGStr/Stream/Spring","Middle Fraser, Stream, Spring (FR Canyon) population","Middle Fraser-Stream-Spring (FR Canyon)","CK-8","Chinook",5,"Endangered",0,0,0,0,0,"None",2,"Fraser"
309,"Middle Fraser River-Portage_FA_1.3","Portage","CK8","MFR+GStr/Stream/Fall","Middle Fraser, Stream, Fall (Portage) population","Middle Fraser-Stream-Fall (Portage)","CK-9","Chinook",5,"Endangered",0,0,0,0,0,"None",1,"Fraser"
310,"Middle Fraser River_SP_1.3","MFR-spring","CK9","MFR+GStr/Stream/Spring","Middle Fraser, Stream, Spring (MFR+GStr) population","Middle Fraser-Stream-Spring","CK-10","Chinook",5,"Threatened",2,0,5,0,7,"Moderate",25,"Fraser"
311,"Middle Fraser River_SU_1.3","MFR-summer","CK10","MFR+GStr/Stream/Summer","Middle Fraser, Stream, Summer population","Middle Fraser-Stream-Summer ","CK-11","Chinook",5,"Threatened",3,1,4,0,8,"Moderate",18,"Fraser"
312,"Upper Fraser River_SP_1.3","UFR-spring","CK11","UFR/Stream/Spring","Upper Fraser, Stream, Spring population","Upper Fraser-Stream-Spring ","CK-12","Chinook",5,"Endangered",2,0,5,0,7,"Low",43,"Fraser"
313,"South Thompson_SU_0.3","STh-0.3","CK12","STh+GStr/Ocean/Summer","South Thompson, Ocean, Summer population","South Thompson-Ocean-Summer ","CK-13","Chinook",4,"Not at risk",2,1,5,0,8,"None",10,"Fraser"
314,"South Thompson_SU_1.3","STh-1.3","CK13","STh+GStr/Stream/Summer","South Thompson, Stream, Summer 1.3 population","South Thompson-Stream-Summer ","CK-14","Chinook",5,"Endangered",3,5,5,0,13,"Moderate",4,"Fraser"
315,"Shuswap River_SU_0.3","STh-SHUR","CK12","STh+GStr/Ocean/Summer","South Thompson, Ocean, Summer population","South Thompson-Ocean-Summer ","CK-15","Chinook",4,"Not at risk",4,5,5,0,14,"Moderate",4,"Fraser"
316,"South Thompson-Bessette Creek_SU_1.2","STh-BESS","CK14","STh+GStr/Stream/Summer/(Bessette)","South Thompson, Stream, Summer 1.2 (Bessette) population","South Thompson-Stream-Summer ","CK-16","Chinook",4,"Endangered",3,0,5,0,8,"None",4,"Fraser"
317,"Lower Thompson_SP_1.2","LTh","CK15","LTh+GStr/Stream/Spring","Lower Thompson, Stream, Spring population","Lower Thompson-Stream-Spring","CK-17","Chinook",4,"Endangered",3,5,5,0,13,"Moderate",9,"Fraser"
318,"North Thompson_SP_1.3","NTh-spr","CK16","NTh+GStr/Stream/Spring","North Thompson, Stream, Spring population","North Thompson-Stream-Spring","CK-18","Chinook",5,"Endangered",3,1,5,0,9,"Low",7,"Fraser"
319,"North Thompson_SU_1.3","NTh-sum","CK17","NTh+Gstr/Stream/Summer","North Thompson, Stream, Summer population","North Thompson-Stream-Summer","CK-19","Chinook",5,"Endangered",2,3,5,0,10,"Low",7,"Fraser"
320,"Southern Mainland-Georgia Strait_FA_0.x","SC-GStr","CK18","SC+GStr/Ocean/Fall","South Coast - Georgia Strait, Ocean, Fall population","Georgia Strait-Ocean-Fall","CK-20","Chinook",4,"Data Deficient",0,0,0,0,0,"High",39,"VIMI"
321,"East Vancouver Island-Goldstream_FA_0.x","Goldstr","CK21","EVI+GStr/Ocean/Fall","East Vancouver Island, Ocean, Fall population","ECVI-Ocean-Fall","CK-21","Chinook",3,"Special Concern",0,5,0,0,5,"High",2,"VIMI"
322,"East Vancouver Island-Cowichan and Koksilah_FA_0.x","CWCH-KOK","CK21","EVI+GStr/Ocean/Fall","East Vancouver Island, Ocean, Fall population","ECVI-Ocean-Fall","CK-22","Chinook",3,"Special Concern",5,5,5,0,15,"High",7,"VIMI"
323,"East Vancouver Island-Nanaimo_SP_1.x","NanR-spr","CK19","EVI+GStr/Stream/Spring","East Vancouver Island, Stream, Spring population","ECVI-Stream-Spring","CK-23","Chinook",4,"Endangered",0,0,0,0,0,"None",1,"VIMI"
324,"East Vancouver Island-Nanaimo and Chemainus_FA_0.x","EVI-fall","CK21","EVI+GStr/Ocean/Fall","East Vancouver Island, Ocean, Fall population","ECVI-Ocean-Fall","CK-25","Chinook",3,"Special Concern",3,5,5,0,13,"High",6,"VIMI"
325,"East Vancouver Island-Qualicum and Puntledge_FA_0.x","QP-fall","CK21","EVI+GStr/Ocean/Fall","East Vancouver Island, Ocean, Fall population","ECVI-Ocean-Fall","CK-27","Chinook",4,"Special Concern",3,5,5,0,13,"High",16,"VIMI"
326,"Southern Mainland-Southern Fjords_FA_0.x","SC+SFj","CK22","SC+SFj/Ocean/Fall","South Coast - Southern Fjords, Ocean, Fall population","Southern Fjords-Ocean-Fall","CK-28","Chinook",4,"Data Deficient",3,0,2,0,5,"High",27,"VIMI"
327,"East Vancouver Island-North_FA_0.x","NEVI","CK23","EVI+SFj/Ocean/Fall","East Vancouver Island - North, Ocean, Fall (EVI + SFj) population","ECVI-North-Ocean-Fall","CK-29","Chinook",4,"Not at risk",4,5,5,0,14,"High",19,"VIMI"
328,"West Vancouver Island-South_FA_0.x","SWVI","CK24","WVI/Ocean/Fall (South)","West Vancouver Island, Ocean, Fall (South) population","WCVI-Ocean-Fall (south)","CK-31","Chinook",4,"Threatened",3,0,4,0,7,"High",70,"VIMI"
329,"West Vancouver Island-Nootka and Kyuquot_FA_0.x","NoKy","CK25","WVI/Ocean/Fall (Nootka & Kyuquot)","West Vancouver Island, Ocean, Fall (Nootka & Kyuquot) population","WCVI-Ocean-Fall (Nootka & Kyuquot)","CK-32","Chinook",4,"Threatened",3,0,5,0,8,"High",57,"VIMI"
330,"West Vancouver Island-North_FA_0.x","NWVI","CK26","WVI+WHG/Ocean/Fall","West Vancouver Island - North, Ocean, Fall (WVI + WQCI) population","WCVI-Ocean, Fall (WVI + WQCI)","CK-33","Chinook",4,"Data Deficient",3,0,2,0,5,"High",19,"VIMI"
331,"Homathko_SU_x.x","HOMATH","CK27","HK+SFj/Ocean/Summer","Southern Mainland Ocean Summer","Southern Mainland-Ocean-Summer","CK-34","Chinook",5,"Data Deficient",0,0,0,0,0,"None",2,"VIMI"
332,"Klinaklini_SU_1.3","KLINA","CK28","HK+SFj/Stream/Summer","Southern Mainland Stream Summer","Southern Mainland-Stream-Summer","CK-35","Chinook",5,"Data Deficient",0,0,0,0,0,"None",2,"VIMI"
333,"Upper Adams River_SU_x.x","UAdams-summer","CK29","STh+GStr/Stream/Summer","Upper Adams, Stream, Summer","Upper Adams-Stream-Summer","CK-82","Chinook",5,NA,0,0,0,0,0,"None",1,"Fraser"
334,"East Vancouver Island-Georgia Strait_SU_0.3","EVIGStr-sum","CK20","EVI+GStr/Ocean/Summer","East Vancouver Island, Ocean, Summer population","ECVI-Ocean-Summer","CK-83","Chinook",4,"Endangered",4,5,5,0,14,"High",2,"VIMI"
401,"Portland Sound-Observatory Inlet-Lower Nass",NA,"CK49","LNR-P","Lower Nass River, Stream, Summer","Lower Nass River-Stream-Summer","CK-57","Chinook",5,"Status assessment recommended",1,2,2,5,10,"Low",16,"Nass"
402,"Upper Nass",NA,"CK50","UNR","Upper Nass River, Stream, Summer","Upper Nass-Stream-Summer","CK-58","Chinook",5,"Status assessment recommended",2,5,5,5,17,"None",17,"Nass"
509,"Docee",NA,"CK32","SMITH","Smith Inlet, Ocean, Summer","Smith Inlet-Ocean-Summer","CK-36","Chinook",4,NA,0,0,0,0,0,"None",1,"CC"
510,"Rivers Inlet",NA,"CK33","RIVERS","Rivers Inlet, Stream, Summer","Rivers Inlet-Stream-Summer","CK-37","Chinook",5,NA,1,3,1,3,8,"Low",14,"CC"
511,"Wannock",NA,"CK34","WANN","Wannock","Wannock","CK-38","Chinook",5,NA,1,3,2,3,9,"Moderate",1,"CC"
512,"Bella Coola-Bentinck",NA,"CK35","BCR-BENT","Bella Coola-Bentinck, Ocean, Summer","Bella Coola/Bentinck-Ocean-Summer","CK-39","Chinook",5,NA,1,5,2,5,13,"High",9,"CC"
513,"Dean River",NA,"CK36","DEAN","Dean River, Stream, Summer","Dean River-Stream-Summer","CK-40","Chinook",5,NA,1,5,1,3,10,"None",1,"CC"
514,"NCC-late timing",NA,"CK37","NCC Late","North & Central Coast Late, Ocean/Stream, Summer","NCC late-Ocean/Stream- Summer","CK-41","Chinook",5,NA,0,0,0,0,0,"None",16,"CC"
515,"NCC-early timing",NA,"CK38","NCC early","North & Central Coast Early, Ocean, Spring","NCC early-Ocean-Spring","CK-42","Chinook",5,NA,0,1,3,3,7,"Moderate",46,"CC"
805,"Haida Gwaii-North",NA,"CK30","HGN","Haida Gwaii-North Ocean/Stream, Summer","North-Ocean/Stream-Summer","CK-43","Chinook",6,NA,0,0,0,0,0,"Moderate",2,"HG"
806,"Haida Gwaii-East",NA,"CK31","HGE","Haida Gwaii-East Ocean, Fall","East-Ocean-Fall","CK-44","Chinook",6,NA,0,0,0,0,0,"None",6,"HG"
1004,"ALSEK","ALSEK","CK59","ALSEK","Alsek Stream Summer","Alsek-Stream-Summer","CK-67","Chinook",NA,NA,NA,NA,NA,NA,NA,NA,5,"Transboundary"
1005,"LYNN CANAL","LYNN","CK58","LYNN","Chilkat Stream Spring","Chilkat-Stream-Spring","CK-66","Chinook",NA,NA,NA,NA,NA,NA,NA,NA,NA,"Transboundary"
1006,"TAKU-EARLY TIMING","Taku-early","CK55","TAKU-E","Taku - early Stream Summer","Taku early-Stream-Summer","CK-63","Chinook",NA,NA,NA,NA,NA,NA,NA,NA,4,"Transboundary"
1007,"TAKU-MID TIMING","Taku-mid","CK56","TAKU-M","Taku - mid Stream Summer","Taku mid-Stream-Summer","CK-64","Chinook",NA,NA,NA,NA,NA,NA,NA,NA,1,"Transboundary"
1008,"TAKU-LATE TIMING","Taku-late","CK57","TAKU-L","Taku - late Stream Summer","Taku late-Stream-Summer","CK-65","Chinook",NA,NA,NA,NA,NA,NA,NA,NA,4,"Transboundary"
1009,"WHITING RIVER","WHITING","CK54","WHITING","Whiting River, Stream Summer","Whiting-Stream-Summer","CK-62","Chinook",NA,NA,NA,NA,NA,NA,NA,NA,NA,"Transboundary"
1010,"STIKINE-EARLY TIMING","LSTK-early","CK52","LSTK-E","Stikine - early timing Stream Summer","Stikine early-Stream-Summer","CK-60","Chinook",NA,NA,NA,NA,NA,NA,NA,NA,4,"Transboundary"
1011,"STIKINE-LATE TIMING","LSTK-late","CK53","LSTK-L","Stikine - late Stream Summer timing","Stikine late-Stream-Summer","CK-61","Chinook",NA,NA,NA,NA,NA,NA,NA,NA,3,"Transboundary"
1012,"UNUK RIVER","UNUK","CK51","UNUK","Unuk River, Stream Summer","Unuk-Stream-Summer","CK-59","Chinook",NA,NA,NA,NA,NA,NA,NA,NA,NA,"Transboundary"
1201,"Big Salmon","BigSal","CK61","BSALR","Big Salmon River Stream Summer","Big Salmon-Stream-Summer","CK-70","Chinook",5,NA,NA,NA,NA,NA,NA,NA,NA,"Yukon"
1202,"Nordenskiold","Norden","CK62","NORDEN","Nordenskiold Stream Summer","Nordenskiold-Stream-Summer","CK-71","Chinook",5,NA,NA,NA,NA,NA,NA,NA,1,"Yukon"
1203,"Pelly","Pelly","CK64","PELLY","Pelly River Stream Summer","Pelly-Stream-Summer","CK-72","Chinook",5,NA,NA,NA,NA,NA,NA,NA,17,"Yukon"
1204,"Middle Yukon River and tributaries","MidYR","CK63","MidYR","Mid-Yukon River and Trib Stream Summer","Mid-Yukon-Stream-Summer","CK-73","Chinook",5,NA,NA,NA,NA,NA,NA,NA,3,"Yukon"
1205,"Stewart","Stew","CK64","PELLY","Pelly River Stream Summer","Pelly-Stream-Summer","CK-74","Chinook",5,NA,NA,NA,NA,NA,NA,NA,5,"Yukon"
1206,"White and tributaries","White","CK65","WHITE","White River and Trib Stream Summer","White-Stream-Summer","CK-75","Chinook",5,NA,NA,NA,NA,NA,NA,NA,2,"Yukon"
1207,"Northern Yukon River and tributaries","NYR","CK66","NYR","N Yukon River and Trib Stream Summer","N Yukon-Stream-Summer","CK-76","Chinook",5,NA,NA,NA,NA,NA,NA,NA,4,"Yukon"
1208,"Salmon Fork","SFork",NA,NA,NA,NA,"CK-77","Chinook",5,NA,NA,NA,NA,NA,NA,NA,NA,"Yukon"
1209,"Yukon","YK","CK67","PORCR","Porcupine River Stream Summer","Porcupine-Stream-Summer","CK-78","Chinook",5,NA,NA,NA,NA,NA,NA,NA,1,"Yukon"
1210,"Old Crow","OldC","CK68","OCROW","Old Crow River Stream Summer","Old Crow-Stream-Summer","CK-79","Chinook",5,NA,NA,NA,NA,NA,NA,NA,NA,"Yukon"
1211,"Upper Yukon River","UpperYR","CK60","YUK-TESLIN","Yukon - Teslin Headwaters Stream Summer","Yukon/Teslin-Stream Summer","CK-69","Chinook",5,NA,NA,NA,NA,NA,NA,NA,8,"Yukon"
1212,"Yukon River-Teslin headwaters","Teslin","CK60","YUK-TESLIN","Yukon - Teslin Headwaters Stream Summer","Yukon/Teslin-Stream Summer","CK-68","Chinook",5,NA,NA,NA,NA,NA,NA,NA,8,"Yukon"
NA,"Port San Juan","PSJ","CK24","WVI/Ocean/Fall (South)","West Vancouver Island, Ocean, Fall (South) population","West Vancouver Island, Ocean, Fall (South) population","CK-30","Chinook",NA,"Threatened",NA,NA,NA,NA,NA,NA,NA,NA
NA,NA,NA,"CK39","HecLow","HecLow, Ocean/Stream, Summer","HecLow, Ocean/Stream, Summer",NA,"Chinook",NA,NA,NA,NA,NA,NA,NA,NA,NA,NA
NA,"(P)Hatchery Exclusion-Lower Fraser River",NA,NA,NA,NA,NA,NA,"Chinook",NA,NA,NA,NA,NA,NA,NA,NA,NA,NA
NA,"includes production from major hatchery facilities at Conuma, Stamp, and Nitinat rivers",NA,NA,NA,NA,NA,NA,"Chinook",NA,NA,NA,NA,NA,NA,NA,NA,NA,NA
202,"Lower Skeena-CO","LSKNA","CO26","LSK","Lower Skeena","Lower Skeena","CO-32","Coho",3,NA,1,3,2,3,9,"Moderate",93,"Skeena"
215,"Middle Skeena-CO","MSKNA","CO27","MSK","Middle Skeena","Middle Skeena","CO-33","Coho",3,NA,1,2,2,3,8,"Moderate",90,"Skeena"
225,"Skeena Estuary-CO","NSKEst","CO25","NSKEst","Skeena Estuary","Skeena Estuary","CO-31","Coho",3,NA,0,0,0,0,0,"Moderate",30,"Skeena"
231,"Upper Skeena-CO","USKNA","CO28","USK","Upper Skeena","Upper Skeena","CO-34","Coho",3,NA,4,4,3,3,14,"None",19,"Skeena"
408,"Lower Nass","LNASS","CO29","LNR-P","Lower Nass - Portland Canal","Portland Canal","CO-35","Coho",3,NA,1,1,4,3,9,"Low",23,"Nass"
409,"Upper Nass","UNASS","CO30","UNR","Upper Nass","Upper Nass","CO-36","Coho",3,NA,2,2,4,3,11,"None",13,"Nass"
410,"Portland Sound-Observatory Inlet-Portland Canal","PORT","CO29","LNR-P","Lower Nass - Portland Canal","Portland Canal","CO-37","Coho",3,NA,1,1,2,3,7,"Low",33,"Nass"
516,"Smith Inlet","Smith","CO21","RSI","Rivers-Smith Inlet","Rivers/Smith","CO-20","Coho",3,NA,1,5,1,3,10,"None",13,"CC"
517,"Rivers Inlet","Rivers","CO21","RSI","Rivers-Smith Inlet","Rivers/Smith","CO-21","Coho",3,NA,0,0,0,0,0,"Moderate",24,"CC"
518,"Bella Coola-Dean Rivers","BCD","CO22","BCD","Bella Coola - Dean Rivers","Bella Coola/Dean ","CO-22","Coho",3,NA,1,5,4,1,11,"Moderate",32,"CC"
519,"Mussel-Kynoch","MusKyn","CO24","NCS","Northern Coastal Streams","Northern Coastal Streams","CO-26","Coho",3,NA,1,3,2,1,7,"None",14,"CC"
520,"Hecate Strait Mainland","HecLow+HStr","CO23","HecLow","Hecate Strait Mainland","Hecate Strait Mainland","CO-27","Coho",3,NA,1,3,1,1,6,"Moderate",185,"CC"
520,"Hecate Strait Mainland","HecLow+HStr","CO23","HecLow","Hecate Strait Mainland","Hecate Strait Mainland","CO-27","Coho",3,NA,1,3,1,1,6,"Moderate",185,"CC"
521,"Brim-Wahoo","BRIM","CO24","NCS","Northern Coastal Streams","Northern Coastal Streams","CO-28","Coho",3,NA,0,5,5,1,11,"None",NA,"CC"
522,"Douglas Channel-Kitimat Arm","DOUG","CO24","NCS","Northern Coastal Streams","Northern Coastal Streams","CO-29","Coho",3,NA,0,2,4,1,7,"Moderate",33,"CC"
523,"N Coastal Streams","NCS","CO24","NCS","Northern Coastal Streams","Northern Coastal Streams","CO-30","Coho",3,NA,1,5,4,1,11,"Low",62,"CC"
704,"Lillooet","LILL","CO03","LILL","Lillooet","Lillooet","CO-4","Coho",3,NA,0,0,0,0,0,"Moderate",16,"Fraser"
705,"Fraser Canyon","FRCany","CO04","FRCany","Fraser Canyon","Fraser Canyon","CO-5","Coho",3,"Threatened",3,0,5,0,8,"Moderate",10,"Fraser"
707,"Lower Thompson","LTHOM","CO06","LTHOM","Lower Thompson","Lower Thompson","CO-7","Coho",3,"Threatened",5,0,5,0,10,"Moderate",9,"Fraser"
708,"South Thompson","STHOM","CO07","STHOM","South Thompson","South Thompson","CO-8","Coho",3,"Threatened",3,0,4,0,7,"Moderate",46,"Fraser"
709,"North Thompson","NTHOM","CO08","NTHOM","North Thompson","North Thompson","CO-9","Coho",3,"Threatened",3,0,5,0,8,"Moderate",37,"Fraser"
749,"Interior Fraser","MFR","CO05","MFR","Middle Fraser","Middle Fraser","CO-48","Coho",3,"Threatened",3,0,4,0,7,"None",23,"Fraser"
750,"Lower Fraser","LFR","CO02","LFR","Lower Fraser","Lower Fraser","CO-47","Coho",3,NA,0,0,0,0,0,"Moderate",114,"Fraser"
807,"HG-EAST","EQCI","CO20","EHG","Haida Gwaii - East","East","CO-23","Coho",3,NA,1,1,3,3,8,"Moderate",110,"HG"
808,"HG-WEST","WQCI","CO18","WHG","Haida Gwaii - West","West","CO-24","Coho",3,NA,1,1,2,3,7,"Low",66,"HG"
809,"HG-GRAHAM ISLAND LOWLANDS","NQCI","CO19","NHG","Haida Gwaii - North","North","CO-25","Coho",3,NA,1,1,3,3,8,"Moderate",28,"HG"
906,"Boundary Bay","BB","CO01","BB","Boundary Bay","Boundary Bay","CO-1","Coho",3,NA,0,0,0,0,0,"High",4,"Fraser"
907,"Howe Sound-Burrard Inlet","Howe-Burrard","CO10","Howe-Burrard","Howe Sound-Burrard Inlet","Howe Sound-Burrard Inlet","CO-10","Coho",3,NA,0,0,0,0,0,"Moderate",69,"VIMI"
908,"Georgia Strait Mainland","SC+GStr","CO09","SC+GStr","Georgia Strait Mainland","Georgia Strait Mainland","CO-11","Coho",3,NA,3,0,2,0,5,"Moderate",57,"VIMI"
909,"Southern Coastal Streams-Queen Charlotte Strait-Johnstone Strait-Southern Fjords","SC+SFj","CO12","SC+SFj","South Coastal Streams-QCStr-JStr-SFjords","South Coastal Streams","CO-12","Coho",3,NA,3,0,1,0,4,"Moderate",117,"VIMI"
910,"East Vancouver Island-Georgia Strait","EVI+GStr","CO11","EVI+GStr","East Vancouver Island-Georgia Strait","ECVI-Georgia Strait","CO-13","Coho",3,NA,3,0,2,0,5,"Moderate",108,"VIMI"
911,"East Vancouver Island-Johnstone Strait-Southern Fjords","EVI+SFj","CO14","EVI+SFj","E Vancouver Is ? Johnstone Strait-SFjords","ECVI-Johnstone Strait-S Fjords","CO-14","Coho",3,NA,3,0,5,0,8,"Moderate",16,"VIMI"
912,"Nahwitti Lowland","Nahwitti","CO17","NWVI","Northwest Vancouver Island","Northwest VI","CO-15","Coho",3,NA,4,0,5,0,9,"Moderate",76,"VIMI"
913,"Juan de Fuca-Pachena","JdF","CO16","JdF","Juan de Fuca-Pachena","Juan de Fuca-Pachena","CO-16","Coho",3,NA,3,0,3,0,6,"Moderate",26,"VIMI"
914,"West Vancouver Island","WVI","CO15","WVI","West Vancouver Island","West VI","CO-17","Coho",3,NA,3,0,3,0,6,"Moderate",126,"VIMI"
915,"Clayoquot","CLAY","CO15","WVI","West Vancouver Island","West VI","CO-18","Coho",3,NA,3,0,3,0,6,"Moderate",46,"VIMI"
916,"Homathko-Klinaklini Rivers","HK","CO13","HK+SFj","Homathko-Klinaklini","Homathko-Klinaklini","CO-19","Coho",3,NA,0,0,0,0,0,"None",4,"VIMI"
1013,"ALSEK RIVER","Alsek","CO36","Alsek","Alsek","Alsek","CO-45","Coho",3,NA,NA,NA,NA,NA,NA,NA,1,"Transboundary"
1014,"LYNN CANAL","LYNN","CO35","LYNN","Chilkat","Chilkat","CO-44","Coho",3,NA,NA,NA,NA,NA,NA,NA,NA,"Transboundary"
1015,"TAKU-LATE TIMING","Taku","CO34","Taku","Taku","Taku","CO-42","Coho",3,NA,NA,NA,NA,NA,NA,NA,NA,"Transboundary"
1016,"WHITING RIVER","Whiting","CO33","Whiting","Whiting River","Whiting River","CO-40","Coho",3,NA,NA,NA,NA,NA,NA,NA,NA,"Transboundary"
1017,"LOWER STIKINE","LStk","CO32","LStk","Lower Stikine","Lower Stikine","CO-39","Coho",3,NA,NA,NA,NA,NA,NA,NA,8,"Transboundary"
1018,"UNUK RIVER","UNUK","CO31","Unuk","Unuk","Unuk","CO-38","Coho",3,NA,NA,NA,NA,NA,NA,NA,NA,"Transboundary"
1034,"TAKU-EARLY TIMING","Taku","CO34","Taku","Taku","Taku","CO-41","Coho",3,NA,NA,NA,NA,NA,NA,NA,8,"Transboundary"
1035,"TAKU-MID TIMING","Taku","CO34","Taku","Taku","Taku","CO-43","Coho",3,NA,NA,NA,NA,NA,NA,NA,NA,"Transboundary"
1120,"Porcupine River","PORC","CO37","Yukon","Porcupine","Porcupine","CO-46","Coho",3,NA,NA,NA,NA,NA,NA,NA,NA,"Yukon"
242,NA,NA,NA,NA,NA,NA,NA,NA,NA,NA,0,0,0,0,0,"None",NA,"Skeena"
335,NA,NA,NA,NA,NA,NA,NA,NA,NA,NA,NA,NA,NA,NA,NA,NA,NA,"Fraser"
1220,NA,NA,NA,NA,NA,NA,NA,NA,NA,NA,NA,NA,NA,NA,NA,NA,NA,"Yukon"
1300,NA,NA,NA,NA,NA,NA,NA,NA,NA,NA,NA,NA,NA,NA,NA,"None",NA,"Columbia"
209,"Lower Skeena (odd)",NA,"PO24",NA,"Lower Skeena","Lower Skeena","PKO-15","Pink",2,NA,1,3,2,3,9,"None",58,"Skeena"
213,"Middle & Upper Skeena (odd)",NA,"PO25",NA,"Middle Skeena","Middle Skeena","PKO-16","Pink",2,NA,1,3,2,3,9,"None",65,"Skeena"
213,"Middle & Upper Skeena (odd)",NA,"PO26",NA,"Upper Skeena","Upper Skeena","PKO-16","Pink",2,NA,1,3,2,3,9,"None",65,"Skeena"
218,"Middle-Upper Skeena (even)",NA,"PE17",NA,"Middle Skeena","Middle Skeena","PKE-08","Pink",2,NA,0,4,2,3,9,"None",NA,"Skeena"
218,"Middle-Upper Skeena (even)",NA,"PE18",NA,"Upper Skeena","Upper Skeena","PKE-08","Pink",2,NA,0,4,2,3,9,"None",NA,"Skeena"
219,"Nass-Skeena Estuary (even)",NA,"PE15",NA,"Skeena Estuary","Skeena Estuary","PKE-07","Pink",2,NA,0,4,3,3,10,"Low",NA,"Skeena"
219,"Nass-Skeena Estuary (even)",NA,"PE15",NA,"Skeena Estuary","Skeena Estuary","PKE-07","Pink",2,NA,0,4,3,3,10,"Low",NA,"Skeena"
219,"Nass-Skeena Estuary (even)",NA,"PE16",NA,"Lower Skeena","Lower Skeena","PKE-07","Pink",2,NA,0,4,3,3,10,"Low",NA,"Skeena"
219,"Nass-Skeena Estuary (even)",NA,"PE16",NA,"Lower Skeena","Lower Skeena","PKE-07","Pink",2,NA,0,4,3,3,10,"Low",NA,"Skeena"
219,"Nass-Skeena Estuary (even)",NA,"PE19",NA,"Lower Nass - Portland Canal","Portland Canal","PKE-07","Pink",2,NA,0,4,3,3,10,"Low",NA,"Skeena"
219,"Nass-Skeena Estuary (even)",NA,"PE19",NA,"Lower Nass - Portland Canal","Portland Canal","PKE-07","Pink",2,NA,0,4,3,3,10,"Low",NA,"Skeena"
223,"Nass-Skeena Estuary (odd)",NA,"PO23",NA,"Skeena Estuary","Skeena Estuary","PKO-14","Pink",2,NA,1,2,3,3,9,"Low",37,"Skeena"
240,"Lower Skeena (even)",NA,"PE16",NA,"Lower Skeena","Lower Skeena","PKE-7","Pink",2,NA,0,0,0,0,0,NA,164,"Skeena"
412,"Upper Nass",NA,"PO28",NA,"Upper Nass","Upper Nass","PKO-18","Pink",NA,NA,0,0,0,0,0,"None",5,"Nass"
414,"Nass-Portland-Observatory",NA,"PO27",NA,"Lower Nass - Portland Canal","Portland Canal","PKO-17","Pink",2,NA,1,4,2,3,10,"None",60,"Nass"
415,"Upper Nass",NA,"PE20",NA,"Upper Nass","Upper Nass","PKE-12","Pink",NA,NA,0,0,0,0,0,"None",6,"Nass"
608,"Hecate Lowlands",NA,"PE11",NA,"Rivers - Smith Inlets","Rivers/Smith Inlets","PKE-05","Pink",2,NA,0,4,3,2,9,"None",NA,"CC"
608,"Hecate Lowlands",NA,"PE11",NA,"Rivers - Smith Inlets","Rivers/Smith Inlets","PKE-05","Pink",2,NA,0,4,3,2,9,"None",NA,"CC"
608,"Hecate Lowlands",NA,"PE13",NA,"Hecate Strait Mainland","Hecate Strait Mainland","PKE-05","Pink",2,NA,0,4,3,2,9,"None",NA,"CC"
608,"Hecate Lowlands",NA,"PE13",NA,"Hecate Strait Mainland","Hecate Strait Mainland","PKE-05","Pink",2,NA,0,4,3,2,9,"None",NA,"CC"
609,"Hecate Strait-Fjords",NA,"PE12",NA,"Bella Coola - Dean Rivers","Bella Coola/Dean ","PKE-06","Pink",2,NA,0,4,4,2,10,"None",NA,"CC"
609,"Hecate Strait-Fjords",NA,"PE12",NA,"Bella Coola - Dean Rivers","Bella Coola/Dean ","PKE-06","Pink",2,NA,0,4,4,2,10,"None",NA,"CC"
609,"Hecate Strait-Fjords",NA,"PE12",NA,"Bella Coola - Dean Rivers","Bella Coola/Dean ","PKE-06","Pink",2,NA,0,4,4,2,10,"None",NA,"CC"
609,"Hecate Strait-Fjords",NA,"PE12",NA,"Bella Coola - Dean Rivers","Bella Coola/Dean ","PKE-06","Pink",2,NA,0,4,4,2,10,"None",NA,"CC"
609,"Hecate Strait-Fjords",NA,"PE14",NA,"Northern Coastal Streams","Northern Coastal Streams","PKE-06","Pink",2,NA,0,4,4,2,10,"None",NA,"CC"
609,"Hecate Strait-Fjords",NA,"PE14",NA,"Northern Coastal Streams","Northern Coastal Streams","PKE-06","Pink",2,NA,0,4,4,2,10,"None",NA,"CC"
609,"Hecate Strait-Fjords",NA,"PE14",NA,"Northern Coastal Streams","Northern Coastal Streams","PKE-06","Pink",2,NA,0,4,4,2,10,"None",NA,"CC"
609,"Hecate Strait-Fjords",NA,"PE14",NA,"Northern Coastal Streams","Northern Coastal Streams","PKE-06","Pink",2,NA,0,4,4,2,10,"None",NA,"CC"
610,"Homathko-Klinaklini-Rivers-Smith-Bella Coola Dean",NA,"PO12",NA,"Homathko - Klinaklini","Homathko/Klinaklini","PKO-08","Pink",2,NA,0,2,1,2,5,"Low",NA,"CC"
610,"Homathko-Klinaklini-Rivers-Smith-Bella Coola Dean",NA,"PO12",NA,"Homathko - Klinaklini","Homathko/Klinaklini","PKO-08","Pink",2,NA,0,2,1,2,5,"Low",NA,"CC"
610,"Homathko-Klinaklini-Rivers-Smith-Bella Coola Dean",NA,"PO19",NA,"Rivers-Smith Inlets","Rivers/Smith Inlets","PKO-08","Pink",2,NA,0,2,1,2,5,"Low",NA,"CC"
610,"Homathko-Klinaklini-Rivers-Smith-Bella Coola Dean",NA,"PO19",NA,"Rivers-Smith Inlets","Rivers/Smith Inlets","PKO-08","Pink",2,NA,0,2,1,2,5,"Low",NA,"CC"
610,"Homathko-Klinaklini-Rivers-Smith-Bella Coola Dean",NA,"PO20",NA,"Bella Coola - Dean Rivers","Bella Coola/Dean ","PKO-08","Pink",2,NA,0,2,1,2,5,"Low",NA,"CC"
610,"Homathko-Klinaklini-Rivers-Smith-Bella Coola Dean",NA,"PO20",NA,"Bella Coola - Dean Rivers","Bella Coola/Dean ","PKO-08","Pink",2,NA,0,2,1,2,5,"Low",NA,"CC"
611,"Hecate Strait-Lowlands",NA,"PO21",NA,"Hecate Strait Mainland","Hecate Strait Mainland","PKO-12","Pink",2,NA,1,3,3,2,9,"None",182,"CC"
611,"Hecate Strait-Lowlands",NA,"PO21",NA,"Hecate Strait Mainland","Hecate Strait Mainland","PKO-12","Pink",2,NA,1,3,3,2,9,"None",182,"CC"
612,"Hecate Strait-Fjords",NA,"PO22",NA,"Northern Coastal Streams","Northern Coastal Streams","PKO-13","Pink",2,NA,1,4,3,2,10,"None",105,"CC"
612,"Hecate Strait-Fjords",NA,"PO22",NA,"Northern Coastal Streams","Northern Coastal Streams","PKO-13","Pink",2,NA,1,4,3,2,10,"None",105,"CC"
612,"Hecate Strait-Fjords",NA,"PO22",NA,"Northern Coastal Streams","Northern Coastal Streams","PKO-13","Pink",2,NA,1,4,3,2,10,"None",105,"CC"
612,"Hecate Strait-Fjords",NA,"PO22",NA,"Northern Coastal Streams","Northern Coastal Streams","PKO-13","Pink",2,NA,1,4,3,2,10,"None",105,"CC"
710,"Fraser River",NA,"PO01",NA,"Lower Fraser","Lower Fraser","PKO-1","Pink",2,NA,5,5,5,5,20,"Moderate",96,"Fraser"
710,"Fraser River",NA,"PO02",NA,"Lillooet","Lillooet","PKO-1","Pink",2,NA,5,5,5,5,20,"Moderate",96,"Fraser"
710,"Fraser River",NA,"PO03",NA,"Fraser Canyon","Fraser Canyon","PKO-1","Pink",2,NA,5,5,5,5,20,"Moderate",96,"Fraser"
710,"Fraser River",NA,"PO04",NA,"Middle Fraser","Middle Fraser","PKO-1","Pink",2,NA,5,5,5,5,20,"Moderate",96,"Fraser"
710,"Fraser River",NA,"PO05",NA,"Upper Fraser","Upper Fraser","PKO-1","Pink",2,NA,5,5,5,5,20,"Moderate",96,"Fraser"
710,"Fraser River",NA,"PO06",NA,"Lower Thompson","Lower Thompson","PKO-1","Pink",2,NA,5,5,5,5,20,"Moderate",96,"Fraser"
710,"Fraser River",NA,"PO07",NA,"South Thompson","South Thompson","PKO-1","Pink",2,NA,5,5,5,5,20,"Moderate",96,"Fraser"
710,"Fraser River",NA,"PO08",NA,"North Thompson","North Thompson","PKO-1","Pink",2,NA,5,5,5,5,20,"Moderate",96,"Fraser"
810,"North Haida Gwaii",NA,"PE09",NA,"Haida Gwaii - North","North","PKE-09","Pink",2,NA,0,3,1,2,6,"None",NA,"HG"
810,"North Haida Gwaii",NA,"PE09",NA,"Haida Gwaii - North","North","PKE-09","Pink",2,NA,0,3,1,2,6,"None",NA,"HG"
811,"East Haida Gwaii",NA,"PE10",NA,"Haida Gwaii - East","East","PKE-10","Pink",2,NA,0,2,1,2,5,"Low",100,"HG"
811,"East Haida Gwaii",NA,"PE10",NA,"Haida Gwaii - East","East","PKE-10","Pink",2,NA,0,2,1,2,5,"Low",100,"HG"
812,"West Haida Gwaii",NA,"PE08",NA,"Haida Gwaii - West","West","PKE-11","Pink",2,NA,0,2,1,2,5,"None",66,"HG"
812,"West Haida Gwaii",NA,"PE08",NA,"Haida Gwaii - West","West","PKE-11","Pink",2,NA,0,2,1,2,5,"None",66,"HG"
813,"East Haida Gwaii",NA,"PO18",NA,"Haida Gwaii - East","East","PKO-09","Pink",2,NA,0,1,1,2,4,"Low",NA,"HG"
813,"East Haida Gwaii",NA,"PO18",NA,"Haida Gwaii - East","East","PKO-09","Pink",2,NA,0,1,1,2,4,"Low",NA,"HG"
814,"North Haida Gwaii",NA,"PO17",NA,"Haida Gwaii - North","North","PKO-10","Pink",2,NA,0,0,0,2,2,"None",13,"HG"
814,"North Haida Gwaii",NA,"PO17",NA,"Haida Gwaii - North","North","PKO-10","Pink",2,NA,0,0,0,2,2,"None",13,"HG"
815,"West Haida Gwaii",NA,"PO16",NA,"Haida Gwaii - West","West","PKO-11","Pink",2,NA,0,1,0,2,3,"None",39,"HG"
815,"West Haida Gwaii",NA,"PO16",NA,"Haida Gwaii - West","West","PKO-11","Pink",2,NA,0,1,0,2,3,"None",39,"HG"
917,"Georgia Strait",NA,"PE01",NA,"Georgia Strait Mainland","Georgia Strait Mainland","PKE-1","Pink",2,NA,4,4,4,3,15,"Moderate",68,"VIMI"
917,"Georgia Strait",NA,"PE01",NA,"Georgia Strait Mainland","Georgia Strait Mainland","PKE-1","Pink",2,NA,4,4,4,3,15,"Moderate",68,"VIMI"
917,"Georgia Strait",NA,"PE02",NA,"E Vancouver Is - Georgia Strait","East VI - Georgia Strait","PKE-1","Pink",2,NA,4,4,4,3,15,"Moderate",68,"VIMI"
917,"Georgia Strait",NA,"PE02",NA,"E Vancouver Is - Georgia Strait","East VI - Georgia Strait","PKE-1","Pink",2,NA,4,4,4,3,15,"Moderate",68,"VIMI"
918,"West Vancouver Island",NA,"PE06",NA,"West Vancouver Island","West VI","PKE-2","Pink",2,NA,0,0,0,0,0,"Low",85,"VIMI"
919,"Northwest Vancouver Island",NA,"PE07",NA,"Northwest Vancouver Island","Northwest VI","PKE-3","Pink",2,NA,0,0,0,0,0,"Low",35,"VIMI"
920,"Southern Fjords",NA,"PE03",NA,"South Coastal Streams - Queen Charlotte Strait - Johnstone Strait - Southern Fjords","Southern Coastal Streams","PKE-4","Pink",2,NA,3,2,4,3,12,"Moderate",102,"VIMI"
920,"Southern Fjords",NA,"PE03",NA,"South Coastal Streams - Queen Charlotte Strait - Johnstone Strait - Southern Fjords","Southern Coastal Streams","PKE-4","Pink",2,NA,3,2,4,3,12,"Moderate",102,"VIMI"
920,"Southern Fjords",NA,"PE04",NA,"Homathko - Klinaklini","Homathko - Klinaklini","PKE-4","Pink",2,NA,3,2,4,3,12,"Moderate",102,"VIMI"
920,"Southern Fjords",NA,"PE04",NA,"Homathko - Klinaklini","Homathko - Klinaklini","PKE-4","Pink",2,NA,3,2,4,3,12,"Moderate",102,"VIMI"
920,"Southern Fjords",NA,"PE05",NA,"E Vancouver Is - Johnstone Strait - Southern Fjords","ECVI-Johnstone Strait-S Fjords","PKE-4","Pink",2,NA,3,2,4,3,12,"Moderate",102,"VIMI"
920,"Southern Fjords",NA,"PE05",NA,"E Vancouver Is - Johnstone Strait - Southern Fjords","ECVI-Johnstone Strait-S Fjords","PKE-4","Pink",2,NA,3,2,4,3,12,"Moderate",102,"VIMI"
921,"East Howe Sound-Burrard Inlet",NA,NA,NA,NA,NA,"PKO-2","Pink",2,NA,0,0,0,3,3,"Moderate",13,"VIMI"
922,"Georgia Strait",NA,"PO09",NA,"Georgia Strait Mainland","Georgia Strait Mainland","PKO-3","Pink",2,NA,3,3,5,3,14,"Moderate",78,"VIMI"
922,"Georgia Strait",NA,"PO09",NA,"Georgia Strait Mainland","Georgia Strait Mainland","PKO-3","Pink",2,NA,3,3,5,3,14,"Moderate",78,"VIMI"
923,"East Vancouver Island-Johnstone Strait",NA,"PO10",NA,"E Vancouver Is - Georgia Strait","ECVI-Georgia Strait","PKO-4","Pink",2,NA,3,4,5,3,15,"Moderate",12,"VIMI"
924,"Nahwitti",NA,"PO15",NA,"Northwest Vancouver Island","Northwest VI","PKO-5","Pink",2,NA,5,2,3,3,13,"Moderate",24,"VIMI"
925,"West Vancouver Island",NA,"PO14",NA,"West Vancouver Island","West VI","PKO-6","Pink",2,NA,0,0,0,0,0,"None",67,"VIMI"
926,"Southern Fjords",NA,"PO11",NA,"South Coastal Streams - Queen Charlotte Strait - Johntsone Strait - Southern Fjords","Southern Coastal Streams","PKO-7","Pink",2,NA,3,1,2,3,9,"None",48,"VIMI"
926,"Southern Fjords",NA,"PO11",NA,"South Coastal Streams - Queen Charlotte Strait - Johntsone Strait - Southern Fjords","Southern Coastal Streams","PKO-7","Pink",2,NA,3,1,2,3,9,"None",48,"VIMI"
1019,"TRANSBOUNDARY FJORDS","TBFj","PE21","UNUK","Unuk","Unuk","PKE-13","Pink",NA,NA,NA,NA,NA,NA,NA,NA,1,"Transboundary"
1019,"TRANSBOUNDARY FJORDS","TBFj","PE22","LSTK","Lower Stikine","Lower Stikine","PKE-13","Pink",NA,NA,NA,NA,NA,NA,NA,NA,1,"Transboundary"
1019,"TRANSBOUNDARY FJORDS","TBFj","PE23","WHITING","Whiting","Whiting","PKE-13","Pink",NA,NA,NA,NA,NA,NA,NA,NA,1,"Transboundary"
1019,"TRANSBOUNDARY FJORDS","TBFj","PE24","TAKU","Taku","Taku","PKE-13","Pink",NA,NA,NA,NA,NA,NA,NA,NA,1,"Transboundary"
1019,"TRANSBOUNDARY FJORDS","TBFj","PE25","CHILKAT","Chilkat","Chilkat","PKE-13","Pink",NA,NA,NA,NA,NA,NA,NA,NA,1,"Transboundary"
1020,"TRANSBOUNDARY FJORDS","TBFj","PO29","UNUK","Unuk","Unuk","PKO-19","Pink",NA,NA,NA,NA,NA,NA,NA,NA,1,"Transboundary"
1020,"TRANSBOUNDARY FJORDS","TBFj","PO30","LSTK","Lower Stikine","Lower Stikine","PKO-19","Pink",NA,NA,NA,NA,NA,NA,NA,NA,1,"Transboundary"
1020,"TRANSBOUNDARY FJORDS","TBFj","PO31","WHITING","Whitiing","Whitiing","PKO-19","Pink",NA,NA,NA,NA,NA,NA,NA,NA,1,"Transboundary"
1020,"TRANSBOUNDARY FJORDS","TBFj","PO32","TAKU","Taku","Taku","PKO-19","Pink",NA,NA,NA,NA,NA,NA,NA,NA,1,"Transboundary"
1020,"TRANSBOUNDARY FJORDS","TBFj","PO33","CHILKAT","Chilkat","Chilkat","PKO-19","Pink",NA,NA,NA,NA,NA,NA,NA,NA,1,"Transboundary"
NA,"not yet defined; includes some seapen releases",NA,NA,NA,NA,NA,NA,"Pink",NA,NA,NA,NA,NA,NA,NA,NA,NA,NA
NA,NA,NA,"PE26","ALSEK","Alsek","Alsek",NA,"Pink",NA,NA,NA,NA,NA,NA,NA,NA,NA,NA
NA,NA,NA,"PO13",NA,"E Vancouver Is - Johnstone Strait - Southern Fjords","E Vancouver Is - Johnstone Strait - Southern Fjords",NA,"Pink",NA,NA,NA,NA,NA,NA,NA,NA,NA,NA
NA,NA,NA,"PO34","ALSEK","Alsek","Alsek",NA,"Pink",NA,NA,NA,NA,NA,NA,NA,NA,NA,NA
171,"Alastair","ALASTAIR","SE149","ALASTAIR","Alastair","Alastair","SEL-20-01","Sockeye-Lake",6,"Status assessment recommended",1,4,5,5,15,"None",4,"Skeena"
172,"Aldrich","ALDRICH","SE150","ALDRICH","Aldrich","Aldrich",NA,"Sockeye-Lake",5,NA,NA,NA,NA,NA,NA,NA,NA,"Skeena"
173,"Dennis","DENNIS","SE151","DENNIS","Dennis","Dennis",NA,"Sockeye-Lake",5,"Status assessment recommended",NA,NA,NA,NA,NA,NA,NA,"Skeena"
174,"Ecstall/Lower","ECSTALL/LOWER","SE152","ECSTALL/LOWER","Ecstall/Lower","Ecstall/Lower","SEL-20-04","Sockeye-Lake",5,NA,0,0,0,0,0,"None",1,"Skeena"
175,"Johnston","JOHNSTON","SE153","JOHNSTON","Johnston","Johnston","SEL-20-05","Sockeye-Lake",5,NA,0,0,0,0,0,"None",2,"Skeena"
176,"Kitsumkalum",NA,"SE154","KALUM","Kitsumkalum","Kitsumkalum","SEL-20-06","Sockeye-Lake",5,NA,1,2,2,5,10,"None",8,"Skeena"
177,"Lakelse","LAKELSE","SE155","LAKELSE","Lakelse","Lakelse","SEL-20-07","Sockeye-Lake",5,NA,1,5,3,5,14,"High",10,"Skeena"
178,"Mcdonell","MCDONELL","SE156","MCDONELL","Mcdonell","Mcdonell","SEL-20-08","Sockeye-Lake",5,NA,2,5,4,5,16,"None",1,"Skeena"
179,"Atna","ATNA","SE157","ATNA","Atna","Atna",NA,"Sockeye-Lake",5,NA,NA,NA,NA,NA,NA,NA,NA,"Skeena"
180,"Babine","BABINE","SE158","BABINE","Babine","Babine","SEL-21-02-EW","Sockeye-Lake",5,"Status assessment recommended",2,5,5,5,17,"None",NA,"Skeena"
181,"Bulkley","BULKLEY","SE159","BULKLEY","Bulkley","Bulkley","SEL-21-03","Sockeye-Lake",5,NA,0,0,0,0,0,"None",1,"Skeena"
182,"Club Lake",NA,NA,NA,NA,NA,NA,"Sockeye-Lake",5,NA,NA,NA,NA,NA,NA,NA,NA,"Skeena"
183,"Gitanyow",NA,"SE160","KITWANCOOL","Kitwancool","Kitwancool","SEL-21-05","Sockeye-Lake",5,"Status assessment recommended",3,5,5,5,18,"None",2,"Skeena"
184,"Maxan","MAXAN","SE161","MAXAN","Maxan","Maxan",NA,"Sockeye-Lake",5,NA,NA,NA,NA,NA,NA,NA,NA,"Skeena"
185,"Morice","MORICE","SE162","MORICE","Morice","Morice","SEL-21-07","Sockeye-Lake",6,NA,3,4,5,5,17,"None",4,"Skeena"
186,"Nilkitkwa",NA,NA,NA,NA,NA,"SEL-21-02-LW","Sockeye-Lake",5,NA,3,5,5,5,18,"None",NA,"Skeena"
187,"Stephens","STEPHENS","SE163","STEPHENS","Stephens","Stephens","SEL-21-09","Sockeye-Lake",5,"Status assessment recommended",2,4,5,5,16,"None",9,"Skeena"
188,"Swan",NA,NA,NA,NA,NA,"SEL-21-10","Sockeye-Lake",5,NA,0,2,3,5,10,"None",NA,"Skeena"
189,"Tahlo/Morrison",NA,"SE164","TAHLO/MORRISON","Tahlo/Morrison","Tahlo/Morrison","SEL-21-02-MW","Sockeye-Lake",5,NA,0,4,5,5,14,"None",NA,"Skeena"
190,"Asitika","ASITIKA","SE166","ASITIKA","Asitika","Asitika","SEL-22-01","Sockeye-Lake",5,"Status assessment recommended",0,5,4,5,14,"None",1,"Skeena"
191,"Azuklotz","AZUKLOTZ","SE167","AZUKLOTZ","Azuklotz","Azuklotz","SEL-22-02","Sockeye-Lake",5,NA,2,5,2,5,14,"None",1,"Skeena"
192,"Bear","BEAR","SE168","BEAR","Bear","Bear","SEL-22-03","Sockeye-Lake",5,NA,1,4,1,5,11,"None",3,"Skeena"
193,"Damshilgwit","DAMSHILGWIT","SE169","DAMSHILGWIT","Damshilgwit","Damshilgwit","SEL-22-04","Sockeye-Lake",5,"Status assessment recommended",5,5,5,5,20,"None",1,"Skeena"
194,"Johanson","JOHANSON","SE170","JOHANSON","Johanson","Johanson","SEL-22-05","Sockeye-Lake",5,"Status assessment recommended",0,0,0,0,0,"None",1,"Skeena"
195,"Kluatantan","KLUATANTAN","SE171","KLUATANTAN","Kluatantan","Kluatantan","SEL-22-06","Sockeye-Lake",5,NA,0,0,0,0,0,"None",1,"Skeena"
196,"Kluayaz","KLUAYAZ","SE172","KLUAYAZ","Kluayaz","Kluayaz","SEL-22-07","Sockeye-Lake",5,NA,0,0,0,0,0,"None",1,"Skeena"
197,"Motase","MOTASE","SE173","MOTASE","Motase","Motase","SEL-22-08","Sockeye-Lake",5,NA,2,5,1,5,13,"None",1,"Skeena"
198,"Sicintine","SICINTINE","SE174","SICINTINE","Sicintine","Sicintine","SEL-22-09","Sockeye-Lake",5,NA,0,0,0,0,0,"None",1,"Skeena"
199,"Slamgeesh","SLAMGEESH","SE175","SLAMGEESH","Slamgeesh","Slamgeesh","SEL-22-10","Sockeye-Lake",5,NA,0,0,0,0,0,"None",2,"Skeena"
200,"Spawning","SPAWNING","SE176","SPAWNING","Spawning","Spawning","SEL-22-11","Sockeye-Lake",5,NA,0,0,0,0,0,"None",1,"Skeena"
201,"Sustut","SUSTUT","SE177","SUSTUT","Sustut","Sustut","SEL-22-12","Sockeye-Lake",5,NA,0,0,0,0,0,"None",1,"Skeena"
203,"Babine (enhanced)",NA,"SE158","BABINE","Babine","Babine","SEL-21-02-F","Sockeye-Lake",5,NA,5,5,5,5,20,"High",NA,"Skeena"
204,"Babine-Pinkut",NA,NA,NA,NA,NA,NA,"Sockeye-Lake",5,NA,NA,NA,NA,NA,NA,NA,NA,"Skeena"
230,"Footsore/Hodder","FOOTSORE/HODDER","SE165","FOOTSORE/HODDER","Footsore/Hodder","Footsore/Hodder","SEL-21-12","Sockeye-Lake",5,NA,0,0,0,0,0,"None",3,"Skeena"
243,"Onerka","ONERKA","T47","ONERKA","Onerka","Onerka",NA,"Sockeye-Lake",5,NA,NA,NA,NA,NA,NA,NA,NA,"Skeena"
416,"Prudhomme","PRUDHOMME","SE137","PRUDHOMME","Prudhomme","Prudhomme","SEL-19-49","Sockeye-Lake",5,NA,0,0,0,0,0,NA,3,"Skeena"
417,"Shawatlan","SHAWATLAN","SE141","SHAWATLAN","Shawatlan","Shawatlan","SEL-19-54","Sockeye-Lake",5,NA,0,0,0,0,0,NA,1,"Skeena"
418,"Clements","CLEMENTS","T48","CLEMENTS","Clements","Clements",NA,"Sockeye-Lake",NA,NA,0,0,0,0,0,"None",NA,"Nass"
419,"Leverson",NA,"T49","SPLIT_MTN/LEVERSON","Split Mountain/Leverson","Split Mountain/Leverson",NA,"Sockeye-Lake",NA,NA,0,0,0,0,0,"None",NA,"Nass"
420,"Bowser","BOWSER","SE178","BOWSER","Bowser","Bowser",NA,"Sockeye-Lake",NA,NA,0,0,0,0,0,"None",NA,"Nass"
421,"Damdochax","DAMDOCHAX","SE179","DAMDOCHAX","Damdochax/Wiminasik","Damdochax/Wiminasik","SEL-24-02","Sockeye-Lake",5,NA,4,5,4,5,18,"None",1,"Nass"
422,"Fred Wright","FWRIGHT","SE180","FWRIGHT","Fred Wright","Fred Wright","SEL-24-03","Sockeye-Lake",5,NA,3,5,5,5,18,"None",1,"Nass"
423,"Kwinageese","KWINAGEESE","SE181","KWINAGEESE","Kwinageese","Kwinageese",NA,"Sockeye-Lake",NA,NA,0,0,0,0,0,"None",NA,"Nass"
424,"Meziadin","MEZIADIN","SE182","MEZIADIN","Meziadin","Meziadin","SEL-24-05","Sockeye-Lake",5,"Status assessment recommended",3,5,5,5,18,"None",1,"Nass"
425,"Oweegee","OWEEGEE","SE183","OWEEGEE","Oweegee","Oweegee",NA,"Sockeye-Lake",NA,NA,0,0,0,0,0,"None",NA,"Nass"
524,"Long","LONG","SE100","LONG","Long","Long","SEL-15-01","Sockeye-Lake",5,NA,1,5,2,2,10,"Low",3,"CC"
525,"Owikeno","OWIKENO","SE101","OWIKENO","Owikeno","Owikeno","SEL-15-02","Sockeye-Lake",5,NA,1,3,4,2,10,"Low",9,"CC"
526,"Owikeno-Late","OWIKENO-L","T06","OWIKENO-L","Owikeno","Owikeno","SEL-15-03","Sockeye-Lake",5,NA,0,0,0,0,0,NA,2,"CC"
527,"Wannock[Owikeno]","WANNOCK","SE102","WANNOCK","Wannock","Wannock","SEL-15-04","Sockeye-Lake",5,NA,0,0,0,0,0,"Low",1,"CC"
528,"South Atnarko Lakes",NA,"SE103","S_ATNARKO","S Atnarko","S Atnarko","SX_528","Sockeye-Lake",5,NA,1,5,5,2,13,"High",NA,"CC"
529,"Backland","BACKLAND","T10","BACKLAND","Backland","Backland","SEL-18-01","Sockeye-Lake",5,NA,0,5,4,2,11,"None",1,"CC"
530,"Soda Creek",NA,NA,NA,NA,NA,"SEL-18-10","Sockeye-Lake",5,NA,0,0,0,0,0,"None",NA,"CC"
531,"Whalen","WHALEN","T12","WHALEN","Whalen","Whalen","SEL-18-11","Sockeye-Lake",5,NA,0,0,0,0,0,NA,1,"CC"
532,"Canoona","CANOONA","SE104","CANOONA","Canoona","Canoona","SEL-18-02","Sockeye-Lake",5,NA,1,5,3,2,11,"None",1,"CC"
533,"Dome","DOME","T11","DOME","Dome","Dome","SEL-18-03","Sockeye-Lake",5,NA,0,0,0,0,0,"None",1,"CC"
534,"Evelyn","EVELYN","SE105","EVELYN","Evelyn","Evelyn","SEL-18-04","Sockeye-Lake",5,NA,3,5,5,2,15,"None",1,"CC"
535,"Kainet Creek","KAINET","SE106","KAINET","Kainet","Kainet","SEL-18-05","Sockeye-Lake",5,NA,1,5,5,2,13,"None",1,"CC"
536,"Kimsquit","KIMSQUIT","SE107","KIMSQUIT","Kimsquit","Kimsquit","SEL-18-06","Sockeye-Lake",5,NA,0,0,0,0,0,"None",1,"CC"
537,"Kitkiata",NA,"SE108","KITKATLA","Kitkatla","Kitkatla","SEL-18-07","Sockeye-Lake",5,NA,0,0,0,0,0,"None",1,"CC"
538,"Kitlope","KITLOPE","SE109","KITLOPE","Kitlope","Kitlope","SEL-18-08","Sockeye-Lake",5,NA,0,5,5,2,12,"None",1,"CC"
539,"Pine River","PINE","SE110","PINE","Pine","Pine","SEL-18-09","Sockeye-Lake",5,NA,0,0,0,0,0,"None",1,"CC"
540,"Banks","BANKS","SE111","BANKS","Banks","Banks","SEL-19-01","Sockeye-Lake",5,NA,0,0,0,0,0,"None",1,"CC"
541,"Bloomfield","BLOOMFIELD","SE112","BLOOMFIELD","Bloomfield","Bloomfield","SEL-19-02","Sockeye-Lake",5,NA,0,5,2,2,9,"None",1,"CC"
542,"Bolton Creek","BOLTON","SE113","BOLTON","Bolton","Bolton","SEL-19-03","Sockeye-Lake",5,NA,0,0,0,0,0,"None",1,"CC"
543,"Bonilla","BONILLA","SE114","BONILLA","Bonilla","Bonilla","SEL-19-04","Sockeye-Lake",5,NA,0,0,0,0,0,"None",1,"CC"
544,"Borrowman Creek","BORROWMAN","T13","BORROWMAN","Borrowman","Borrowman","SEL-19-05","Sockeye-Lake",5,NA,0,0,0,0,0,"None",1,"CC"
545,"Busey Creek","BUSEY","T14","BUSEY","Busey","Busey","SEL-19-06","Sockeye-Lake",5,NA,0,0,0,0,0,"None",1,"CC"
546,"Cartwright Creek","CARTWRIGHT","T15","CARTWRIGHT","Cartwright Creek","Cartwright Creek","SEL-19-07","Sockeye-Lake",5,NA,0,0,0,0,0,"None",1,"CC"
547,"Chic Chic","CHIC CHIC","T16","CHIC CHIC","Chic Chic","Chic Chic","SEL-19-08","Sockeye-Lake",5,NA,0,0,0,0,0,"None",1,"CC"
548,"Citeyats",NA,"SE115","TUWARTZ","Tuwartz","Tuwartz","SEL-19-09","Sockeye-Lake",5,NA,0,0,0,0,0,"None",1,"CC"
549,"Fannie Cove","FANNIE","SE116","FANNIE","Fannie","Fannie","SEL-19-10","Sockeye-Lake",5,NA,0,0,0,0,0,"None",2,"CC"
550,"Curtis Inlet","CURTIS","SE117","CURTIS","Curtis","Curtis","SEL-19-11","Sockeye-Lake",5,NA,1,5,3,2,11,"Moderate",1,"CC"
551,"Dallain Creek","DALLAIN","T17","DALLAIN","Dallain","Dallain","SEL-19-12","Sockeye-Lake",5,NA,0,0,0,0,0,"None",1,"CC"
552,"Deer","DEER","T18","DEER","Deer","Deer","SEL-19-13","Sockeye-Lake",5,NA,0,0,0,0,0,"None",1,"CC"
553,"Devon","DEVON","SE118","DEVON","Devon","Devon","SEL-19-14","Sockeye-Lake",5,NA,1,5,5,2,13,"None",1,"CC"
554,"Douglas Creek","DOUGLAS","T19","DOUGLAS","Douglas","Douglas","SEL-19-15","Sockeye-Lake",5,NA,0,0,0,0,0,"None",1,"CC"
555,"Elizabeth","ELIZABETH","T20","ELIZABETH","Elizabeth","Elizabeth","SEL-19-16","Sockeye-Lake",5,NA,0,0,0,0,0,"None",1,"CC"
556,"Elsie/Hoy","ELSIE/HOY","SE119","ELSIE/HOY","Elsie/Hoy","Elsie/Hoy","SEL-19-17","Sockeye-Lake",5,NA,0,0,0,0,0,"None",1,"CC"
557,"End Hill Creek","END HILL","SE120","END HILL","End Hill","End Hill","SEL-19-18","Sockeye-Lake",5,NA,0,0,0,0,0,"None",1,"CC"
558,"Evinrude Inlet","EVINRUDE","T21","EVINRUDE","Evinrude","Evinrude","SEL-19-19","Sockeye-Lake",5,NA,0,0,0,0,0,"None",1,"CC"
559,"Freeda",NA,"SE121","FREEDA/BRODIE","Freeda/Brodie","Freeda/Brodie","SEL-19-20","Sockeye-Lake",5,NA,0,0,0,0,0,"None",1,"CC"
560,"Hartley Bay","HARTLEY","T22","HARTLEY","Hartley Bay","Hartley Bay","SEL-19-21","Sockeye-Lake",5,NA,3,5,5,2,15,"None",1,"CC"
561,"Hevenor Inlet","HEVENOR","T23","HEVENOR","Hevenor Inlet","Hevenor Inlet","SEL-19-22","Sockeye-Lake",5,NA,0,0,0,0,0,"None",1,"CC"
562,"Higgins Lagoon","HIGGINS","SE122","HIGGINS","Higgins Lagoon","Higgins Lagoon","SEL-19-23","Sockeye-Lake",5,NA,0,0,0,0,0,"None",1,"CC"
563,"Kadjusdis River","KADJUSDIS","T24","KADJUSDIS","Kadjusdis","Kadjusdis","SEL-19-24","Sockeye-Lake",5,NA,0,5,2,2,9,"Low",1,"CC"
564,"Kdelmashan Creek","KDELMASHAN","SE123","KDELMASHAN","Kdelmashan","Kdelmashan","SEL-19-25","Sockeye-Lake",5,NA,0,0,0,0,0,"None",1,"CC"
565,"Keecha",NA,"SE124","KEESHA","Keesha","Keesha","SEL-19-26","Sockeye-Lake",5,NA,1,5,3,2,11,"None",1,"CC"
566,"Kent Inlet Lagoon Creek","KENT","SE125","KENT","Kent Inlet","Kent Inlet","SEL-19-27","Sockeye-Lake",5,NA,0,0,0,0,0,"None",1,"CC"
567,"Kenzuwash Creeks","KENZUWASH","T25","KENZUWASH","Kenzuwash","Kenzuwash","SEL-19-28","Sockeye-Lake",5,NA,0,0,0,0,0,"None",1,"CC"
568,"Keswar Creek","KESWAR","T26","KESWAR","Keswar","Keswar","SEL-19-29","Sockeye-Lake",5,NA,0,0,0,0,0,"None",1,"CC"
569,"Kildidt Creek","KILDIDT","T27","KILDIDT","Kildidt","Kildidt","SEL-19-30","Sockeye-Lake",5,NA,0,0,0,0,0,"None",1,"CC"
570,"Kildidt Lagoon Creek","KILDIDT LAGOON","SE126","KILDIDT LAGOON","Kildidt Lagoon Creek","Kildidt Lagoon Creek","SEL-19-31","Sockeye-Lake",5,NA,0,0,0,0,0,"None",1,"CC"
571,"Kisameet","KISAMEET","SE127","KISAMEET","Kisameet","Kisameet","SEL-19-32","Sockeye-Lake",5,NA,0,0,0,0,0,"None",1,"CC"
572,"Koeye","KOEYE","SE128","KOEYE","Koeye","Koeye","SEL-19-33","Sockeye-Lake",5,NA,0,0,0,0,0,"None",1,"CC"
573,"Kooryet","KOORYET","SE129","KOORYET","Kooryet","Kooryet","SEL-19-34","Sockeye-Lake",5,NA,0,5,4,2,11,"None",1,"CC"
574,"Kunsoot River","KUNSOOT","T28","KUNSOOT","Kunsoot","Kunsoot","SEL-19-35","Sockeye-Lake",5,NA,0,0,0,0,0,"None",1,"CC"
575,"Kwakwa Creek","KWAKWA","SE130","KWAKWA","Kwakwa","Kwakwa","SEL-19-36","Sockeye-Lake",5,NA,0,0,0,0,0,"None",1,"CC"
576,"Lewis Creek","LEWIS","T29","LEWIS","Lewis","Lewis","SEL-19-37","Sockeye-Lake",5,NA,0,0,0,0,0,"None",1,"CC"
577,"Limestone Creek","LIMESTONE","SE131","LIMESTONE","Limestone","Limestone","SEL-19-38","Sockeye-Lake",5,NA,0,0,0,0,0,"None",1,"CC"
578,"Lowe/Simpson/Weir",NA,"T30","LOWE/SIMPSON/WEARE","Lowe/Simpson/Weare","Lowe/Simpson/Weare","SEL-19-39","Sockeye-Lake",5,NA,0,5,4,2,11,"None",1,"CC"
579,"Mary Cove Creek","MARY COVE","SE132","MARY COVE","Mary Cove","Mary Cove","SEL-19-40","Sockeye-Lake",5,NA,0,5,1,2,8,"Moderate",1,"CC"
580,"Mcdonald Creek","MCDONALD","T31","MCDONALD","Mcdonald","Mcdonald","SEL-19-41","Sockeye-Lake",5,NA,0,0,0,0,0,"None",1,"CC"
581,"Mcloughlin","MCLOUGHLIN","T32","MCLOUGHLIN","Mcloughlin","Mcloughlin","SEL-19-42","Sockeye-Lake",5,NA,0,0,0,0,0,"None",1,"CC"
582,"Mikado","MIKADO","SE133","MIKADO","Mikado","Mikado","SEL-19-43","Sockeye-Lake",5,NA,0,5,3,2,10,"None",1,"CC"
583,"Monckton Inlet Creek","MONCKTON","T33","MONCKTON","Monckton Inlet","Monckton Inlet","SEL-19-44","Sockeye-Lake",5,NA,0,0,0,0,0,"None",1,"CC"
584,"Namu","NAMU","SE134","NAMU","Namu","Namu","SEL-19-45","Sockeye-Lake",5,NA,2,5,3,2,12,"None",1,"CC"
585,"Port John","PORT JOHN","SE135","PORT JOHN","Port John","Port John","SEL-19-46","Sockeye-Lake",5,NA,2,5,5,2,14,"None",1,"CC"
586,"Powles Creek","POWLES","SE136","POWLES","Powles","Powles","SEL-19-47","Sockeye-Lake",5,NA,0,0,0,0,0,"None",1,"CC"
587,"Price Creek","PRICE","T34","PRICE","Price","Price","SEL-19-48","Sockeye-Lake",5,NA,0,0,0,0,0,"None",1,"CC"
588,"Roderick","RODERICK","T35","RODERICK","Roderick","Roderick","SEL-19-50","Sockeye-Lake",5,NA,1,5,4,2,12,"High",1,"CC"
589,"Ryan Creek","RYAN","SE138","RYAN","Ryan","Ryan","SEL-19-51","Sockeye-Lake",5,NA,0,0,0,0,0,"None",1,"CC"
590,"Salter","SALTER","SE139","SALTER","Salter","Salter","SEL-19-52","Sockeye-Lake",5,NA,0,0,0,0,0,"None",1,"CC"
591,"Scoular/Kilpatrick","SCOULER/KILPATRICK","SE140","SCOULER/KILPATRICK","Scoular/Kilpatrick","Scoular/Kilpatrick","SEL-19-53","Sockeye-Lake",5,NA,0,0,0,0,0,"None",1,"CC"
592,"Sheneeza Inlet","SHENEEZA","T36","SHENEEZA","Sheneeza","Sheneeza","SEL-19-55","Sockeye-Lake",5,NA,0,0,0,0,0,"None",1,"CC"
593,"Ship Point Creek","SHIP_PNT","T37","SHIP_PNT","Ship Point","Ship Point","SEL-19-56","Sockeye-Lake",5,NA,0,0,0,0,0,"None",1,"CC"
594,"Spencer Creek","SPENCER","SE142","SPENCER","Spencer","Spencer","SEL-19-57","Sockeye-Lake",5,NA,0,0,0,0,0,"None",1,"CC"
595,"Stannard Creek","STANNARD","T38","STANNARD","Stannard","Stannard","SEL-19-58","Sockeye-Lake",5,NA,0,0,0,0,0,"None",1,"CC"
596,"Talamoosa Creek","TALAMOOSA","SE143","TALAMOOSA","Talamoosa","Talamoosa","SEL-19-59","Sockeye-Lake",5,NA,0,0,0,0,0,"None",1,"CC"
597,"Tankeeah River","TANKEEAH","SE144","TANKEEAH","Tankeeah","Tankeeah","SEL-19-60","Sockeye-Lake",5,NA,1,5,2,2,10,"High",1,"CC"
598,"Treneman Creek","TRENEMAN","T39","TRENEMAN","Treneman","Treneman","SEL-19-61","Sockeye-Lake",5,NA,0,0,0,0,0,"None",1,"CC"
599,"Tsimtack/Moore/Roger","TSIMTACK","SE145","TSIMTACK","Tsimtack","Tsimtack","SEL-19-62","Sockeye-Lake",5,NA,2,5,5,2,14,"None",1,"CC"
600,"Tuno Creek East","TUNO_EAST","T40","TUNO_EAST","Tuno East","Tuno East","SEL-19-63","Sockeye-Lake",5,NA,0,0,0,0,0,"None",1,"CC"
601,"Tuno Creek West","TUNO_WEST","SE146","TUNO_WEST","Tuno West","Tuno West","SEL-19-64","Sockeye-Lake",5,NA,0,0,0,0,0,"None",1,"CC"
602,"Tyler Creek","TYLER","T41","TYLER","Tyler","Tyler","SEL-19-65","Sockeye-Lake",5,NA,0,0,0,0,0,"None",1,"CC"
603,"Wale Creek","WALE","SE147","WALE","Wale","Wale","SEL-19-66","Sockeye-Lake",5,NA,0,0,0,0,0,"None",1,"CC"
604,"Watt Bay","WATT","T42","WATT","Watt","Watt","SEL-19-67","Sockeye-Lake",5,NA,0,0,0,0,0,"None",1,"CC"
605,"West Creek","WEST_CRK","T43","WEST_CRK","West Creek","West Creek","SEL-19-68","Sockeye-Lake",5,NA,0,0,0,0,0,"None",1,"CC"
606,"Yaaklele Lagoon","YAAKLELE","T44","YAAKLELE","Yaaklele","Yaaklele","SEL-19-69","Sockeye-Lake",5,NA,0,0,0,0,0,"None",1,"CC"
607,"Yeo","YEO","SE148","YEO","Yeo","Yeo","SEL-19-70","Sockeye-Lake",5,NA,0,5,3,2,10,"None",1,"CC"
614,"Northern Coastal Fjords",NA,"SE036","BCD","Bella Coola-Dean Rivers","Bella Coola/Dean ","SER-16","Sockeye-Lake",4,NA,0,0,0,0,0,"None",94,"CC"
614,"Northern Coastal Fjords",NA,"SE037","NC","Northern Coastal Streams","Northern Coastal Streams","SER-16","Sockeye-Lake",4,NA,0,0,0,0,0,"None",94,"CC"
711,"Chilliwack_Early Summer",NA,"SE005",NA,"Chilliwack-ES population","Chilliwack-ES ","SEL-03-01","Sockeye-Lake",4,"Not at risk",3,5,5,0,13,"None",3,"Fraser"
712,"Cultus_Late",NA,"SE006",NA,"Cultus-L population","Cultus-L ","SEL-03-02","Sockeye-Lake",4,"Endangered",5,5,5,5,20,"High",1,"Fraser"
713,"Harrison-downstream migrating_Late",NA,"SE009",NA,"Harrison (D/S)-L population","Harrison (D/S)-L ","SEL-03-03","Sockeye-Lake",4,"Special Concern",3,5,5,0,13,"None",11,"Fraser"
714,"Harrison-upstream migrating_Late",NA,"SE010",NA,"Harrison (U/S)-L population","Harrison (U/S)-L ","SEL-03-04","Sockeye-Lake",4,"Endangered",3,5,5,5,18,"None",4,"Fraser"
715,"Pitt_Early Summer",NA,"SE015",NA,"Pitt-ES population","Pitt-ES ","SEL-03-05","Sockeye-Lake",4,"Not at risk",3,5,5,5,18,"High",8,"Fraser"
716,"Lillooet/Harrison_Late",NA,"SE012",NA,"Lillooet-Harrison-L population","Lillooet-Harrison-L ","SEL-04-01","Sockeye-Lake",4,"Special Concern",4,5,5,5,19,"None",12,"Fraser"
718,"Nahatlatch_Early Summer",NA,"SE013",NA,"Nahatlatch-ES population","Nahatlatch-ES ","SEL-05-02","Sockeye-Lake",4,"Special Concern",2,5,5,0,12,"None",2,"Fraser"
719,"Anderson/Seton_Early Summer",NA,"SE001",NA,"Anderson-Seton-ES population","Anderson-Seton-ES ","SEL-06-01","Sockeye-Lake",4,"Not at risk",4,5,5,5,19,"High",6,"Fraser"
720,"Chilko_Early Summer",NA,"SE003",NA,"Chilko-ES population / Chilko-S population","Chilko-ES population / Chilko-S ","SEL-06-02","Sockeye-Lake",4,"Not at risk",0,0,0,0,0,"None",1,"Fraser"
721,"Chilko_Summer",NA,"SE004",NA,"Chilko-ES population / Chilko-S population","Chilko-ES population / Chilko-S ","SEL-06-03","Sockeye-Lake",4,"Not at risk",4,5,5,5,19,"None",3,"Fraser"
725,"Francois/Fraser_Summer",NA,"SE007",NA,"Francois-Fraser-S population","Francois-Fraser-S ","SEL-06-07","Sockeye-Lake",4,"Special Concern",4,5,5,5,19,"Low",5,"Fraser"
727,"Nadina/Francois_Early Summer",NA,"SE008",NA,"Nadina-Francois-ES population","Nadina-Francois-ES ","SEL-06-20","Sockeye-Lake",4,"Not at risk",4,5,5,5,19,"None",2,"Fraser"
728,"Quesnel_Summer",NA,"SE016",NA,"Quesnel-S population","Quesnel-S ","SEL-06-10","Sockeye-Lake",4,"Endangered",3,5,5,5,18,"Moderate",94,"Fraser"
729,"Seton_Late",NA,"SE017",NA,"Seton-L population","Seton-L ","SEL-06-11","Sockeye-Lake",4,"Endangered",0,0,0,5,5,"None",1,"Fraser"
731,"Takla/Trembleur/Stuart_Summer",NA,"SE021",NA,"Takla-Trembleur-Stuart-S population","Takla-Trembleur-Stuart-S ","SEL-06-13","Sockeye-Lake",4,"Endangered",3,5,4,5,17,"None",11,"Fraser"
732,"Takla/Trembleur_Early Stuart",NA,"SE020",NA,"Takla-Trembleur-EStu population","Takla-Trembleur-EStu ","SEL-06-14","Sockeye-Lake",4,"Endangered",3,5,5,5,18,"None",44,"Fraser"
734,"Taseko_Early Summer",NA,"SE022",NA,"Taseko-ES population","Taseko-ES ","SEL-06-16","Sockeye-Lake",4,"Endangered",2,5,5,0,12,"None",6,"Fraser"
735,"Bowron_Early Summer",NA,"SE002",NA,"Bowron-ES population","Bowron-ES ","SEL-07-01","Sockeye-Lake",4,"Endangered",2,5,5,5,17,"None",4,"Fraser"
738,"Shuswap_Early Summer",NA,"SE019",NA,"Shuswap-ES population","Shuswap-ES ","SEL-09-02","Sockeye-Lake",4,"Not at risk",0,0,0,5,5,"Low",24,"Fraser"
739,"Shuswap_Late",NA,"SE018",NA,"Shuswap Complex-L population","Shuswap Complex-L ","SEL-09-03","Sockeye-Lake",4,"Not at risk",2,5,5,5,17,"None",71,"Fraser"
740,"Kamloops_Early Summer",NA,"SE011",NA,"Kamloops-ES population","Kamloops-ES ","SEL-10-01","Sockeye-Lake",4,"Special Concern",2,5,5,5,17,"None",10,"Fraser"
751,"Adams and Momich Lakes_Early Summer",NA,NA,NA,"Adams ES","Adams ES","SEL-09-xx","Sockeye-Lake",4,"Extinct",0,0,0,0,0,"None",5,"Fraser"
751,"Adams and Momich Lakes_Early Summer",NA,NA,NA,"Momich-ES","Momich-ES","SEL-09-xx","Sockeye-Lake",4,"Endangered",0,0,0,0,0,"None",5,"Fraser"
752,"North Barriere_Early Summer",NA,"SE014",NA,"North Barriere-ES population","North Barriere-ES ","SEL-10-03","Sockeye-Lake",4,"Extinct",3,5,5,5,18,"None",2,"Fraser"
819,"Ain/Skundale/Ian","SKUNDALE","SE093","SKUNDALE","Ain/Skundale/Ian","Ain/Skundale/Ian","SEL-17-01","Sockeye-Lake",NA,NA,0,0,0,0,0,"None",1,"HG"
820,"Awun","AWUN","SE094","AWUN","Awun","Awun","SEL-17-02","Sockeye-Lake",5,NA,2,5,5,2,14,"None",1,"HG"
821,"Fairfax","FAIRFAX","SE092","FAIRFAX","Fairfax","Fairfax","SEL-17-03","Sockeye-Lake",5,NA,0,0,0,0,0,"None",1,"HG"
822,"Jalun","JALUN","SE095","JALUN","Jalun","Jalun","SEL-17-04","Sockeye-Lake",5,NA,0,0,0,0,0,"None",1,"HG"
823,"MARIAN","MARIAN","T07","MARIAN","Marian","Marian","SEL-17-05","Sockeye-Lake",5,NA,2,5,5,2,14,"None",1,"HG"
824,"Mathers","MATHERS","SE098","MATHERS","Mathers","Mathers","SEL-17-06","Sockeye-Lake",5,NA,0,0,0,0,0,"None",1,"HG"
825,"Mercer","MERCER","SE091","MERCER","Mercer","Mercer","SEL-17-07","Sockeye-Lake",5,NA,2,5,5,2,14,"None",1,"HG"
826,"Skidegate","SKIDEGATE","SE099","SKIDEGATE","Skidegate","Skidegate","SEL-17-08","Sockeye-Lake",5,NA,5,5,5,2,17,"None",1,"HG"
827,"Yakoun","YAKOUN","SE096","YAKOUN","Yakoun","Yakoun","SEL-17-09","Sockeye-Lake",5,NA,2,5,5,2,14,"None",1,"HG"
828,"Marie","MARIE","SE097","MARIE","Marie","Marie","SEL-17-10","Sockeye-Lake",NA,NA,NA,NA,NA,NA,NA,NA,NA,"HG"
927,"Fulmore","FULMORE","SE053","FULMORE","Fulmore","Fulmore","SEL-11-01","Sockeye-Lake",5,NA,0,0,0,0,0,"None",1,"VIMI"
928,"Heydon","HEYDON","SE054","HEYDON","Heydon","Heydon","SEL-11-02","Sockeye-Lake",5,NA,0,0,0,0,0,"None",1,"VIMI"
929,"Kakweiken","KAWEIKEN","SE055","KAWEIKEN","Kakweiken","Kakweiken","SEL-11-03","Sockeye-Lake",5,NA,0,0,0,0,0,"None",1,"VIMI"
930,"Loose","LOOSE","SE056","LOOSE","Loose","Loose","SEL-11-04","Sockeye-Lake",5,NA,0,0,0,0,0,"None",1,"VIMI"
931,"Mackenzie","MACKENZIE","SE057","MACKENZIE","Mackenzie","Mackenzie","SEL-11-05","Sockeye-Lake",5,NA,2,5,1,0,8,"None",1,"VIMI"
932,"Phillips","PHILLIPS","SE058","PHILLIPS","Phillips","Phillips","SEL-11-06","Sockeye-Lake",5,NA,3,5,5,0,13,"None",2,"VIMI"
933,"Sakinaw","SAKINAW","SE051","SAKINAW","Sakinaw","Sakinaw","SEL-11-07","Sockeye-Lake",5,"Endangered",5,5,5,0,15,"High",1,"VIMI"
935,"Tzoonie","TZOONIE","SE052","TZOONIE","Tzoonie","Tzoonie","SEL-11-09","Sockeye-Lake",5,NA,0,0,0,0,0,"None",1,"VIMI"
936,"Village Bay","VILLAGE","T01","VILLAGE","Village Bay","Village Bay","SEL-11-10","Sockeye-Lake",5,NA,0,0,0,0,0,"None",1,"VIMI"
937,"Ida/Bonanza","IDA/BONANZA","SE059","IDA/BONANZA","Ida/Bonanza","Ida/Bonanza","SEL-12-01","Sockeye-Lake",5,NA,0,0,0,0,0,"None",1,"VIMI"
938,"Nahwitti","NAHWITTI","SE060","NAHWITTI","Nahwitti","Nahwitti","SEL-12-02","Sockeye-Lake",5,NA,0,0,0,0,0,"None",1,"VIMI"
939,"Nimpkish","NIMPKISH","SE061","NIMPKISH","Nimpkish","Nimpkish","SEL-12-03","Sockeye-Lake",5,NA,4,5,5,0,14,"Low",2,"VIMI"
941,"Quatse","QUATSE","SE062","QUATSE","Quatse","Quatse","SEL-12-05","Sockeye-Lake",4,NA,0,0,0,0,0,"None",1,"VIMI"
942,"Schoen","SCHOEN","SE063","SCHOEN","Schoen","Schoen","SEL-12-06","Sockeye-Lake",5,NA,0,0,0,0,0,"None",NA,"VIMI"
943,"Shushartie","SHUSHARTIE","SE064","SHUSHARTIE","Shushartie","Shushartie","SEL-12-07","Sockeye-Lake",5,NA,0,0,0,0,0,"None",1,"VIMI"
944,"Woss","WOSS","SE065","WOSS","Woss","Woss","SEL-12-08","Sockeye-Lake",5,NA,0,0,0,0,0,"None",NA,"VIMI"
945,"Alice","ALICE","SE087","ALICE","Alice","Alice","SEL-13-01","Sockeye-Lake",5,NA,0,0,0,0,0,"None",1,"VIMI"
946,"Canoe Creek","CANOE","SE088","CANOE","Canoe Creek","Canoe Creek","SEL-13-02","Sockeye-Lake",5,NA,0,0,0,0,0,"None",1,"VIMI"
947,"Cecilia","CECILIA","SE067","CECILIA","Cecilia","Cecilia","SEL-13-03","Sockeye-Lake",5,NA,0,0,0,0,0,"None",1,"VIMI"
948,"Cheewat","CHEEWAT","SE068","CHEEWAT","Cheewat","Cheewat","SEL-13-04","Sockeye-Lake",5,NA,0,0,0,0,0,"None",1,"VIMI"
949,"Clayoquot","CLAYQUOT","SE069","CLAYQUOT","Clayoquot","Clayoquot","SEL-13-05","Sockeye-Lake",5,NA,0,0,0,0,0,"None",2,"VIMI"
950,"Deserted","DESERTED","SE070","DESERTED","Deserted","Deserted","SEL-13-06","Sockeye-Lake",5,NA,0,0,0,0,0,"None",1,"VIMI"
951,"Fairy","FAIRY","SE071","FAIRY","Fairy","Fairy","SEL-13-07","Sockeye-Lake",5,NA,0,0,0,0,0,"Low",3,"VIMI"
952,"Great Central","GCL","SE072","GCL","Great Central","Great Central","SEL-13-08","Sockeye-Lake",5,NA,0,0,0,3,3,"None",NA,"VIMI"
953,"Henderson","HENDERSON","SE073","HENDERSON","Henderson","Henderson","SEL-13-09","Sockeye-Lake",5,NA,5,5,2,0,12,"None",1,"VIMI"
954,"Hesquiat","HESQUIAT","SE074","HESQUIAT","Hesquiat","Hesquiat","SEL-13-10","Sockeye-Lake",5,NA,0,0,1,0,1,"None",1,"VIMI"
955,"Hobiton","HOBITON","SE075","HOBITON","Hobiton","Hobiton","SEL-13-11","Sockeye-Lake",5,NA,0,0,0,0,0,"None",1,"VIMI"
956,"Jansen","JANSEN","SE076","JANSEN","Jansen","Jansen","SEL-13-12","Sockeye-Lake",5,NA,0,0,0,0,0,"None",1,"VIMI"
957,"Kanim","KANIM","SE077","KANIM","Kanim","Kanim","SEL-13-13","Sockeye-Lake",5,NA,0,0,0,0,0,"None",1,"VIMI"
958,"Kennedy","KENNEDEY","SE078","KENNEDEY","Kennedy","Kennedy","SEL-13-14","Sockeye-Lake",5,NA,0,0,0,0,0,"None",6,"VIMI"
959,"Maggie","MAGGIE","SE079","MAGGIE","Maggie","Maggie","SEL-13-15","Sockeye-Lake",5,NA,0,0,0,0,0,"None",1,"VIMI"
960,"Megin","MEGIN","SE080","MEGIN","Megin","Megin","SEL-13-16","Sockeye-Lake",5,NA,0,0,0,0,0,"None",1,"VIMI"
961,"Muchalat","MUCHALAT","SE081","MUCHALAT","Muchalat","Muchalat","SEL-13-17","Sockeye-Lake",5,NA,0,0,0,0,0,"None",3,"VIMI"
962,"Muriel","MURIEL","SE082","MURIEL","Muriel","Muriel","SEL-13-18","Sockeye-Lake",5,NA,0,0,0,0,0,"Low",3,"VIMI"
963,"Nitinat","NITINAT","SE083","NITINAT","Nitinat","Nitinat","SEL-13-19","Sockeye-Lake",5,NA,0,0,0,0,0,"None",2,"VIMI"
964,"O'Connell","O'CONNELL","SE089","O'CONNELL","O'Connell","O'Connell","SEL-13-20","Sockeye-Lake",5,NA,0,0,0,0,0,"None",1,"VIMI"
966,"Park River","PARK","SE084","PARK","Park River","Park River","SEL-13-22","Sockeye-Lake",5,NA,0,0,0,0,0,"None",1,"VIMI"
967,"Power","POWER","SE085","POWER","Power","Power","SEL-13-23","Sockeye-Lake",5,NA,0,0,0,0,0,"None",1,"VIMI"
969,"Sproat","SPROAT","SE086","SPROAT","Sproat","Sproat","SEL-13-25","Sockeye-Lake",5,NA,0,0,0,3,3,"None",1,"VIMI"
970,"William/Brink","WILLIAM/BRINK","SE090","WILLIAM/BRINK","William/Brink","William/Brink","SEL-13-26","Sockeye-Lake",5,NA,0,0,0,0,0,"None",1,"VIMI"
976,"Vernon","VERNON","SE066","VERNON","Vernon","Vernon","SEL-12-09","Sockeye-Lake",5,NA,0,0,0,0,0,"None",NA,"VIMI"
1024,"Border","BORDER","SE184","BORDER","Border","Border","SEL-25-01","Sockeye-Lake",NA,NA,NA,NA,NA,NA,NA,NA,NA,"Transboundary"
1025,"Christina","CHRISTINA","SE185","CHRISTINA","Christina","Christina","SEL-26-01","Sockeye-Lake",NA,NA,NA,NA,NA,NA,NA,NA,1,"Transboundary"
1026,"Tahltan","TAHLTAN","SE186","TAHLTAN","Tahltan","Tahltan","SEL-26-02","Sockeye-Lake",NA,NA,NA,NA,NA,NA,NA,NA,1,"Transboundary"
1027,"Kuthai","KUTHAI","SE189","KUTHAI","Kuthai","Kuthai","SEL-28-01","Sockeye-Lake",NA,NA,NA,NA,NA,NA,NA,NA,1,"Transboundary"
1028,"Little Trapper","LTRAPPER","SE190","LTRAPPER","Little Trapper","Little Trapper","SEL-28-02","Sockeye-Lake",NA,NA,NA,NA,NA,NA,NA,NA,1,"Transboundary"
1029,"Tatsamenie","TATSAMENIE","SE191","TATSAMENIE","Tatsamenie","Tatsamenie","SEL-28-03","Sockeye-Lake",NA,NA,NA,NA,NA,NA,NA,NA,1,"Transboundary"
1031,"Blanchard-BC","BLANCHARD","SE193","BLANCHARD","Blanchard-BC","Blanchard-BC","SEL-30-01","Sockeye-Lake",NA,NA,NA,NA,NA,NA,NA,NA,NA,"Transboundary"
1033,"King Salmon","KING SALMON","SE192","KING SALMON","King Salmon","King Salmon","SEL-28-05","Sockeye-Lake",NA,NA,NA,NA,NA,NA,NA,NA,1,"Transboundary"
1036,"Chutine","CHUTINE","SE187","CHUTINE","Chutine","Chutine","SEL-26-03","Sockeye-Lake",NA,NA,NA,NA,NA,NA,NA,NA,1,"Transboundary"
1037,"Whiting","WHITING","SE188","WHITING","Whiting","Whiting","SEL-27-01","Sockeye-Lake",NA,NA,NA,NA,NA,NA,NA,NA,NA,"Transboundary"
1038,"Klukshu","KLUKSHU","SE194","KLUKSHU","Klukshu-Yukon","Klukshu-Yukon","SEL-30-02","Sockeye-Lake",NA,NA,NA,NA,NA,NA,NA,NA,1,"Transboundary"
1039,"Nesketahin-Yukon","NESKETAHIN","SE195","NESKETAHIN","Nesketahin-Yukon","Nesketahin-Yukon","SEL-30-03","Sockeye-Lake",NA,NA,NA,NA,NA,NA,NA,NA,1,"Transboundary"
NA,"Francois-First Run-Early Summer timing",NA,NA,NA,NA,NA,NA,"Sockeye-Lake",NA,NA,NA,NA,NA,NA,NA,NA,NA,NA
NA,"Francois-Second Run-Early Summer timing",NA,NA,NA,NA,NA,NA,"Sockeye-Lake",NA,NA,NA,NA,NA,NA,NA,NA,NA,NA
NA,"Indian/Kruger-Early Summer timing",NA,NA,NA,NA,NA,NA,"Sockeye-Lake",NA,NA,NA,NA,NA,NA,NA,NA,NA,NA
NA,"Kitwancool",NA,NA,NA,NA,NA,NA,"Sockeye-Lake",NA,NA,NA,NA,NA,NA,NA,NA,NA,NA
NA,"Osoyoos",NA,NA,NA,NA,NA,NA,"Sockeye-Lake",NA,NA,NA,NA,NA,NA,NA,NA,NA,NA
NA,"Sockeye Creek",NA,NA,NA,NA,NA,NA,"Sockeye-Lake",NA,NA,NA,NA,NA,NA,NA,NA,NA,NA
NA,"Tuwartz",NA,NA,NA,NA,NA,NA,"Sockeye-Lake",NA,NA,NA,NA,NA,NA,NA,NA,NA,NA
NA,"Pack","PACK","T02","PACK","Pack","Pack","SEL-11-11","Sockeye-Lake",NA,NA,NA,NA,NA,NA,NA,NA,1,NA
NA,"Glendale","GLENDALE","T03","GLENDALE","Glendale","Glendale","SEL-11-12","Sockeye-Lake",NA,NA,NA,NA,NA,NA,NA,NA,2,NA
NA,"Lois","LOIS","T04","LOIS","Lois","Lois","SEL-11-13","Sockeye-Lake",NA,NA,NA,NA,NA,NA,NA,NA,NA,NA
NA,"Mayer","MAYER","T08","MAYER","Mayer","Mayer","SEL-17-11","Sockeye-Lake",NA,NA,NA,NA,NA,NA,NA,NA,1,NA
NA,"Gudal","GUDAL","T09","GUDAL","Gudal","Gudal","SEL-17-12","Sockeye-Lake",NA,NA,NA,NA,NA,NA,NA,NA,NA,NA
NA,"Sylvia Creek","SYLVIA","T45","SYLVIA","Sylvia","Sylvia","SEL-19-72","Sockeye-Lake",NA,NA,NA,NA,NA,NA,NA,NA,1,NA
NA,"South Bonnila","S_BONNILA","T46","S_BONNILA","South Bonnila","South Bonnila","SEL-19-73","Sockeye-Lake",NA,NA,NA,NA,NA,NA,NA,NA,NA,NA
NA,"Split Mountain/Leverson","SPLIT_MTN/LEVERSON","T49","SPLIT_MTN/LEVERSON","Split Mountain/Leverson","Split Mountain/Leverson","SEL-23-02","Sockeye-Lake",NA,NA,NA,NA,NA,NA,NA,NA,1,"Skeena"
NA,"Owossitsa","OWOSSITS","T5","OWOSSITS","Owossitsa","Owossitsa","SEL-13-21","Sockeye-Lake",NA,NA,NA,NA,NA,NA,NA,NA,1,NA
216,"Skeena River-high interior",NA,"SE041","USK","Upper Skeena River","Upper Skeena River","SER-19","Sockeye-River",5,NA,1,5,3,5,14,"None",1,"Skeena"
226,"Skeena River",NA,"SE039","LSK","Lower Skeena River","Lower Skeena River","SER-18","Sockeye-River",5,NA,0,0,0,0,0,"None",22,"Skeena"
226,"Skeena River",NA,"SE040","MSK","Middle Skeena River","Middle Skeena River","SER-18","Sockeye-River",5,NA,0,0,0,0,0,"None",22,"Skeena"
426,"Lower Nass-Portland",NA,"SE042","LNR-P","Lower Nass-Portland","Lower Nass-Portland","SER-20","Sockeye-River",4,NA,1,4,5,5,15,"None",17,"Nass"
427,"Upper Nass River",NA,"SE043","UNR","Upper Nass River","Upper Nass River","SER-21","Sockeye-River",4,NA,0,0,0,0,0,"None",3,"Nass"
613,"Rivers-Smith Inlets",NA,"SE035","RSI","Rivers-Smith Inlets","Rivers/Smith Inlets","SER-12","Sockeye-River",4,NA,0,0,0,0,0,"None",10,"CC"
615,"Northern Coastal",NA,"SE038","HecLow","Hecate Lowlands","Hecate Lowlands","SER-17","Sockeye-River",4,NA,0,0,0,0,0,"None",44,"CC"
615,"Northern Coastal",NA,"SE038","HecLow","Hecate Lowlands","Hecate Lowlands","SER-17","Sockeye-River",4,NA,0,0,0,0,0,"None",44,"CC"
742,"Widgeon",NA,"SE023",NA,"Widgeon (River-Type) population","Widgeon (River-Type) ","SER-02","Sockeye-River",4,"Threatened",0,0,0,0,0,"None",2,"Fraser"
745,"Harrison River",NA,"SE024",NA,"Harrison (River-Type) population","Harrison (River-Type) ","SER-03","Sockeye-River",4,"Not at risk",4,5,5,5,19,"None",1,"Fraser"
816,"East Haida Gwaii",NA,"SE034","EHG","East Haida Gwaii","East","SER-13","Sockeye-River",NA,NA,0,0,0,0,0,"None",14,"HG"
817,"North Haida Gwaii",NA,"SE033","NHG","North Haida Gwaii","North","SER-15","Sockeye-River",NA,NA,0,0,0,0,0,"None",2,"HG"
818,"West Haida Gwaii",NA,"SE032","WHG","West Haida Gwaii","West","SER-14","Sockeye-River",NA,NA,0,0,0,0,0,"None",25,"HG"
971,"Southern Fjords",NA,"SE027","SC-SFj","South Coast-Southern Fjords","South Coast-S Fjords","SER-009","Sockeye-River",5,NA,0,0,0,0,0,"None",NA,"VIMI"
971,"Southern Fjords",NA,"SE029","HK","Hamothko-Klinaklini-Southern Fjords","Hamothko-Klinaklini-S Fjords","SER-009","Sockeye-River",5,NA,0,0,0,0,0,"None",NA,"VIMI"
972,"West Vancouver Island",NA,"SE030","WVI","West Vancouver Is","West VI","SER-010","Sockeye-River",5,NA,0,0,0,0,0,"Low",NA,"VIMI"
973,"East Vancouver Island and Georgia Strait",NA,"SE025","SC-GStr","South Coast-Georgia Strait","South Coast-Georgia Strait","SER-08","Sockeye-River",5,NA,0,0,0,0,0,"None",48,"VIMI"
973,"East Vancouver Island and Georgia Strait",NA,"SE026","EVI-GStr","East Vancouver Island-Georgia Strait","ECVI-Georgia Strait","SER-08","Sockeye-River",5,NA,0,0,0,0,0,"None",48,"VIMI"
973,"East Vancouver Island and Georgia Strait",NA,"SE028","EVI-SFj","East Vancouver Island-Southern Fjords","ECVI-Southern Fjords","SER-08","Sockeye-River",5,NA,0,0,0,0,0,"None",48,"VIMI"
974,"NW Vancouver Island",NA,"SE031","NWVI","Northwest Vancouver Is","Northwest VI","SER-011","Sockeye-River",5,NA,0,0,0,0,0,"None",NA,"VIMI"
1021,"Alsek River","ALSEK","SE049","ALSEK","Alsek River","Alsek River","SER-024","Sockeye-River",NA,NA,NA,NA,NA,NA,NA,NA,NA,"Transboundary"
1022,"Chilkat River","CHILKAR","SE048","CHILKAT","Chilkat River","Chilkat River","SER-023","Sockeye-River",NA,NA,NA,NA,NA,NA,NA,NA,NA,"Transboundary"
1023,"Northern Transboundary Fjords","TBFj","SE044","LStk","Stikine River","Stikine River","SER-022","Sockeye-River",NA,NA,NA,NA,NA,NA,NA,NA,NA,"Transboundary"
1023,"Northern Transboundary Fjords","TBFj","SE045","TAKU","Taku River","Taku River","SER-022","Sockeye-River",NA,NA,NA,NA,NA,NA,NA,NA,NA,"Transboundary"
1023,"Northern Transboundary Fjords","TBFj","SE046","Whiting","Whiting River","Whiting River","SER-022","Sockeye-River",NA,NA,NA,NA,NA,NA,NA,NA,NA,"Transboundary"
1023,"Northern Transboundary Fjords","TBFj","SE047","UNUK","Unuk River","Unuk River","SER-022","Sockeye-River",NA,NA,NA,NA,NA,NA,NA,NA,NA,"Transboundary"
211,"Lower Skeena-CM",NA,"CM22",NA,"Skeena River","Skeena","CM-27","Chum",4,NA,1,4,2,3,10,"Low",41,"Skeena"
214,"Middle Skeena-CM",NA,"CM22",NA,"Skeena River","Skeena","CM-28","Chum",NA,NA,2,3,2,3,10,"None",18,"Skeena"
220,"Skeena Estuary-CM",NA,"CM20",NA,"Hecate Strait Lowlands - Skeena Estuary","Hecate Lowlands - Skeena Estuary","CM-26","Chum",NA,NA,0,2,1,3,6,"Moderate",28,"Skeena"
404,"Portland Inlet",NA,"CM23",NA,"Portland - Observatory Inlet","Portland Canal/Observatory Inlet","CM-30","Chum",4,NA,1,5,1,3,10,"Low",19,"Nass"
405,"Lower Nass",NA,"CM24",NA,"Lower Nass River","Lower Nass ","CM-31","Chum",4,NA,0,0,4,3,7,"None",20,"Nass"
406,"Portland Canal-Observatory",NA,"CM23",NA,"Portland - Observatory Inlet","Portland Canal/Observatory Inlet","CM-32","Chum",4,NA,0,5,4,3,12,"Low",17,"Nass"
500,"Smith Inlet",NA,"CM16",NA,"Smith Inlet","Smith Inlet","CM-12","Chum",4,NA,1,5,3,2,11,"None",11,"CC"
501,"Rivers Inlet",NA,"CM16",NA,"Rivers-Smith Inlet","Rivers-Smith Inlet","CM-13","Chum",4,NA,1,2,2,2,7,"None",17,"CC"
502,"Wannock",NA,"CM17",NA,"Wannock River","Wannock River","CM-14","Chum",4,NA,0,0,0,0,0,"Low",1,"CC"
503,"Spiller-Fitz-Hugh-Burke",NA,"CM21",NA,"Douglas-Gardner","Douglas-Gardner","CM-15","Chum",4,NA,1,3,3,2,9,"Moderate",69,"CC"
504,"Bella Colla-Dean Rivers",NA,"CM18",NA,"Bella Coola - Dean Rivers","Bella Coola/Dean ","CM-16","Chum",4,NA,1,5,4,2,12,"Moderate",23,"CC"
505,"Bella Coola River-Late",NA,"CM19",NA,"Bella Coola River - Late","Bella Coola-Late","CM-17","Chum",4,NA,0,0,0,0,0,"Moderate",9,"CC"
506,"Hecate Lowlands",NA,"CM20",NA,"Hecate Strait Lowlands - Skeena Estuary","Hecate Lowlands - Skeena Estuary","CM-18","Chum",4,NA,1,3,3,2,9,"Moderate",147,"CC"
507,"Mussel-Kynock",NA,"CM21",NA,"Douglas-Gardner","Douglas-Gardner","CM-19","Chum",4,NA,1,5,4,2,12,"None",14,"CC"
508,"Douglas-Gardner",NA,"CM21",NA,"Douglas-Gardner","Douglas-Gardner","CM-20","Chum",4,NA,2,2,5,2,11,"Moderate",65,"CC"
701,"Lower Fraser",NA,"CM01",NA,"Lower Fraser","Lower Fraser","CM-2","Chum",4,NA,3,0,2,0,5,"Moderate",104,"Fraser"
800,"North Haida Gwaii-Stanley Creek",NA,"CM14",NA,"Stanley Creek","Stanley Creek","CM-25","Chum",5,NA,1,5,0,2,8,"None",1,"HG"
801,"East HG",NA,"CM15",NA,"Haida Gwaii - East","East","CM-21","Chum",5,NA,1,2,4,2,9,"Low",95,"HG"
802,"North Haida Gwaii",NA,"CM13",NA,"Haida Gwaii - Noth","North","CM-24","Chum",5,NA,1,2,2,2,7,"None",12,"HG"
803,"West Haida Gwaii",NA,"CM12",NA,"Haida Gwaii - West","West","CM-23","Chum",5,NA,1,2,3,2,8,"Low",62,"HG"
804,"Skidegate",NA,"CM12",NA,"Haida Gwaii - West","West","CM-22","Chum",5,NA,1,3,4,2,10,"Moderate",41,"HG"
804,"Skidegate",NA,"CM15",NA,"Haida Gwaii - East","East","CM-22","Chum",5,NA,1,3,4,2,10,"Moderate",41,"HG"
900,"Southern Coastal Streams",NA,"CM05",NA,"South Coastal Streams","South Coastal Streams","CM-8","Chum",4,NA,3,0,1,0,4,"Low",58,"VIMI"
901,"Bute Inlet",NA,"CM07",NA,"Bute Inlet","Bute Inlet","CM-7","Chum",4,NA,0,0,0,0,0,"Moderate",7,"VIMI"
902,"Loughborough",NA,"CM06",NA,"Loughborough Inlet","Loughborough Inlet","CM-6","Chum",4,NA,2,1,3,0,6,"Low",40,"VIMI"
903,"Northeast Vancouver Island",NA,"CM09",NA,"Northeast Vancouver Island","Northeast VI","CM-5","Chum",4,NA,1,1,4,0,6,"Moderate",21,"VIMI"
904,"Georgia Strait",NA,"CM02",NA,"Georgia Strait Mainland","Georgia Strait Mainland","CM-4","Chum",4,NA,3,5,4,0,12,"Moderate",160,"VIMI"
904,"Georgia Strait",NA,"CM04",NA,"E Vancouver Island","East VI","CM-4","Chum",4,NA,3,5,4,0,12,"Moderate",160,"VIMI"
904,"Georgia Strait",NA,"CM10",NA,"West Vancouver Island","West Vancouver Island","CM-4","Chum",4,NA,3,5,4,0,12,"Moderate",160,"VIMI"
905,"Howe Sound-Burrand Inlet",NA,"CM03",NA,"Howe Sound-Burrand Inlet","Howe Sound-Burrand Inlet","CM-3","Chum",4,NA,0,0,0,0,0,"Moderate",65,"VIMI"
977,"Northwest Vancouver Island",NA,"CM11",NA,"Northwest Vancouver Island","Northwest Vancouver Island","CM-11","Chum",4,NA,2,1,3,3,9,"Moderate",63,"VIMI"
978,"Southwest & West  Vancouver Island",NA,"CM10",NA,"West Vancouver Island","West Vancouver Island","CM-10","Chum",4,NA,3,0,4,3,10,"Moderate",188,"VIMI"
979,"Upper Knight",NA,"CM08",NA,"Upper Knight Inlet","Upper Knight Inlet","CM-9","Chum",4,NA,0,0,0,0,0,"None",6,"VIMI"
1000,"LYNN CANAL",NA,"CM26","CHILKAT","Chilkat","Chilkat","CM-37","Chum",NA,NA,NA,NA,NA,NA,NA,NA,NA,"Transboundary"
1001,"TAKU",NA,"CM25","TAKU","Taku","Taku","CM-36","Chum",NA,NA,NA,NA,NA,NA,NA,NA,NA,"Transboundary"
1002,"WHITING RIVER",NA,"CM27","WHITING","Transboundary Fjords","Transboundary Fjords","CM-35","Chum",NA,NA,NA,NA,NA,NA,NA,NA,NA,"Transboundary"
1003,"UNUK RIVER",NA,"CM27","UNUK","Transboundary Fjords","Transboundary Fjords","CM-33","Chum",NA,NA,NA,NA,NA,NA,NA,NA,NA,"Transboundary"
1032,"LOWER STIKINE",NA,"CM27","LOWER STIKINE","Transboundary Fjords","Transboundary Fjords","CM-34","Chum",NA,NA,NA,NA,NA,NA,NA,NA,NA,"Transboundary"
1101,"Lower Liard",NA,NA,NA,"Lower Liard","Lower Liard","CM-39","Chum",NA,NA,NA,NA,NA,NA,NA,NA,NA,"MAC"
1102,"Peel River",NA,NA,NA,"Peel River","Peel River","CM-40","Chum",NA,NA,NA,NA,NA,NA,NA,NA,NA,"MAC"
1213,"Middle Yukon",NA,"CM28",NA,"Yukon Plateau & Headwaters","Yukon Plateau/Headwaters","CM-42","Chum",NA,NA,NA,NA,NA,NA,NA,NA,1,"Yukon"
1214,"N Yukon River",NA,"CM30",NA,"North Yukon - Klondike Plateau","North Yukon/Klondike","CM-43","Chum",NA,NA,NA,NA,NA,NA,NA,NA,4,"Yukon"
1215,"White",NA,"CM29",NA,"White River and Tributaries","White","CM-44","Chum",NA,NA,NA,NA,NA,NA,NA,NA,1,"Yukon"
1216,"Donjek Kluane",NA,"CM29",NA,"White River and Tributaries","White","CM-45","Chum",NA,NA,NA,NA,NA,NA,NA,NA,2,"Yukon"
1217,"Porcupine River",NA,"CM31",NA,"Porcupine","Porcupine","CM-46","Chum",NA,NA,NA,NA,NA,NA,NA,NA,2,"Yukon"
1218,"Stewart",NA,"CM28",NA,"Yukon Plateau & Headwaters","Yukon Plateau/Headwaters","CM-48","Chum",NA,NA,NA,NA,NA,NA,NA,NA,NA,"Yukon"
1219,"Teslin",NA,"CM28",NA,"Yukon Plateau & Headwaters","Yukon Plateau/Headwaters","CM-38","Chum",NA,NA,NA,NA,NA,NA,NA,NA,1,"Yukon"
NA,NA,NA,"CM37","ALSEK","Alsek","Alsek",NA,"Chum",NA,NA,NA,NA,NA,NA,NA,NA,NA,NA
